price,stock_name
55.60,Alok Industries
"1,351.00",Metropolis
"1,773.00",Reliance
"2,958.70",Bajaj Finance
218.85,Indiabulls Hsg
427.70,Axis Bank
4.75,Reliance Power
98.40,Motherson Sumi
139.80,Future Retail
572.80,Bharti Airtel
104.55,Tata Motors
10.08,Vodafone Idea
491.00,IndusInd Bank
"1,078.25",HDFC Bank
184.30,SBI
206.90,ITC
52.60,BTL
"2,180.85",TCS
108.95,Phillips Carbon
574.40,HDFC Life
"2,168.75",HUL
"2,722.55",Hero Motocorp
363.45,Adani Ports
50.35,Tata Power
340.00,Bandhan Bank
202.20,Cholamandalam
270.75,Petronet LNG
"6,195.00",Bajaj Finserv
364.40,ICICI Bank
183.45,M&M Financial
366.55,Bharat Dynamics
"1,879.05",HDFC
93.55,Bharat Elec
38.10,BHEL
"5,948.95",Maruti Suzuki
528.35,M&M
175.05,RBL Bank
244.95,Ujjivan Financi
9.90,CG Power 
154.30,Jindal Steel
"2,934.00",Bajaj Auto
332.80,Tata Steel
363.65,Cadila Health
40.50,Reliance Infra
"2,190.00",Divis Labs
"1,701.45",Asian Paints
389.00,Just Dial
513.70,IOL Chemicals
948.90,Larsen
"1,408.75",Piramal Enter
"1,125.00",Muthoot Finance
82.50,ONGC
3.32,Jaiprakash Asso
761.20,Infosys
"1,353.95",Kotak Mahindra
128.50,Sterlite Techno
144.70,Hindalco
"1,029.65",PVR
348.45,Bharat Forge
103.85,Vedanta
price,stock_name
55.60,Alok Industries
"1,351.00",Metropolis
"1,773.00",Reliance
"2,958.70",Bajaj Finance
218.85,Indiabulls Hsg
427.70,Axis Bank
4.75,Reliance Power
98.40,Motherson Sumi
139.80,Future Retail
572.80,Bharti Airtel
104.55,Tata Motors
10.08,Vodafone Idea
491.00,IndusInd Bank
"1,078.25",HDFC Bank
184.30,SBI
206.90,ITC
52.60,BTL
"2,180.85",TCS
108.95,Phillips Carbon
574.40,HDFC Life
"2,168.75",HUL
"2,722.55",Hero Motocorp
363.45,Adani Ports
50.35,Tata Power
340.00,Bandhan Bank
202.20,Cholamandalam
270.75,Petronet LNG
"6,195.00",Bajaj Finserv
364.40,ICICI Bank
183.45,M&M Financial
366.55,Bharat Dynamics
"1,879.05",HDFC
93.55,Bharat Elec
38.10,BHEL
"5,948.95",Maruti Suzuki
528.35,M&M
175.05,RBL Bank
244.95,Ujjivan Financi
9.90,CG Power 
154.30,Jindal Steel
"2,934.00",Bajaj Auto
332.80,Tata Steel
363.65,Cadila Health
40.50,Reliance Infra
"2,190.00",Divis Labs
"1,701.45",Asian Paints
389.00,Just Dial
513.70,IOL Chemicals
948.90,Larsen
"1,408.75",Piramal Enter
"1,125.00",Muthoot Finance
82.50,ONGC
3.32,Jaiprakash Asso
761.20,Infosys
"1,353.95",Kotak Mahindra
128.50,Sterlite Techno
144.70,Hindalco
"1,029.65",PVR
348.45,Bharat Forge
103.85,Vedanta
price,stock_name
55.60,Alok Industries
"1,351.00",Metropolis
"1,773.00",Reliance
"2,958.70",Bajaj Finance
218.85,Indiabulls Hsg
427.70,Axis Bank
4.75,Reliance Power
98.40,Motherson Sumi
139.80,Future Retail
572.80,Bharti Airtel
104.55,Tata Motors
10.08,Vodafone Idea
491.00,IndusInd Bank
"1,078.25",HDFC Bank
184.30,SBI
206.90,ITC
52.60,BTL
"2,180.85",TCS
108.95,Phillips Carbon
574.40,HDFC Life
"2,168.75",HUL
"2,722.55",Hero Motocorp
363.45,Adani Ports
50.35,Tata Power
340.00,Bandhan Bank
202.20,Cholamandalam
270.75,Petronet LNG
"6,195.00",Bajaj Finserv
364.40,ICICI Bank
183.45,M&M Financial
366.55,Bharat Dynamics
"1,879.05",HDFC
93.55,Bharat Elec
38.10,BHEL
"5,948.95",Maruti Suzuki
528.35,M&M
175.05,RBL Bank
244.95,Ujjivan Financi
9.90,CG Power 
154.30,Jindal Steel
"2,934.00",Bajaj Auto
332.80,Tata Steel
363.65,Cadila Health
40.50,Reliance Infra
"2,190.00",Divis Labs
"1,701.45",Asian Paints
389.00,Just Dial
513.70,IOL Chemicals
948.90,Larsen
"1,408.75",Piramal Enter
"1,125.00",Muthoot Finance
82.50,ONGC
3.32,Jaiprakash Asso
761.20,Infosys
"1,353.95",Kotak Mahindra
128.50,Sterlite Techno
144.70,Hindalco
"1,029.65",PVR
348.45,Bharat Forge
103.85,Vedanta
price,stock_name
55.60,Alok Industries
"1,351.00",Metropolis
"1,773.00",Reliance
"2,958.70",Bajaj Finance
218.85,Indiabulls Hsg
427.70,Axis Bank
4.75,Reliance Power
98.40,Motherson Sumi
139.80,Future Retail
572.80,Bharti Airtel
104.55,Tata Motors
10.08,Vodafone Idea
491.00,IndusInd Bank
"1,078.25",HDFC Bank
184.30,SBI
206.90,ITC
52.60,BTL
"2,180.85",TCS
108.95,Phillips Carbon
574.40,HDFC Life
"2,168.75",HUL
"2,722.55",Hero Motocorp
363.45,Adani Ports
50.35,Tata Power
340.00,Bandhan Bank
202.20,Cholamandalam
270.75,Petronet LNG
"6,195.00",Bajaj Finserv
364.40,ICICI Bank
183.45,M&M Financial
366.55,Bharat Dynamics
"1,879.05",HDFC
93.55,Bharat Elec
38.10,BHEL
"5,948.95",Maruti Suzuki
528.35,M&M
175.05,RBL Bank
244.95,Ujjivan Financi
9.90,CG Power 
154.30,Jindal Steel
"2,934.00",Bajaj Auto
332.80,Tata Steel
363.65,Cadila Health
40.50,Reliance Infra
"2,190.00",Divis Labs
"1,701.45",Asian Paints
389.00,Just Dial
513.70,IOL Chemicals
948.90,Larsen
"1,408.75",Piramal Enter
"1,125.00",Muthoot Finance
82.50,ONGC
3.32,Jaiprakash Asso
761.20,Infosys
"1,353.95",Kotak Mahindra
128.50,Sterlite Techno
144.70,Hindalco
"1,029.65",PVR
348.45,Bharat Forge
103.85,Vedanta
price,stock_name
55.60,Alok Industries
"1,351.00",Metropolis
"1,772.05",Reliance
"2,958.00",Bajaj Finance
219.30,Indiabulls Hsg
427.60,Axis Bank
4.75,Reliance Power
98.35,Motherson Sumi
139.25,Future Retail
573.20,Bharti Airtel
104.65,Tata Motors
10.07,Vodafone Idea
491.20,IndusInd Bank
"1,078.05",HDFC Bank
184.45,SBI
207.00,ITC
52.60,BTL
"2,181.85",TCS
108.90,Phillips Carbon
574.75,HDFC Life
"2,169.20",HUL
363.55,Adani Ports
"2,722.00",Hero Motocorp
50.35,Tata Power
202.15,Cholamandalam
340.50,Bandhan Bank
"6,204.95",Bajaj Finserv
270.60,Petronet LNG
183.35,M&M Financial
365.10,Bharat Dynamics
364.45,ICICI Bank
"1,880.00",HDFC
93.65,Bharat Elec
38.10,BHEL
"5,950.50",Maruti Suzuki
527.95,M&M
174.90,RBL Bank
9.95,CG Power 
245.20,Ujjivan Financi
154.30,Jindal Steel
363.75,Cadila Health
"2,934.00",Bajaj Auto
332.60,Tata Steel
40.50,Reliance Infra
"2,187.25",Divis Labs
"1,701.35",Asian Paints
514.25,IOL Chemicals
389.20,Just Dial
949.75,Larsen
"1,410.00",Piramal Enter
"1,125.80",Muthoot Finance
82.65,ONGC
3.32,Jaiprakash Asso
761.35,Infosys
"1,355.90",Kotak Mahindra
128.85,Sterlite Techno
144.80,Hindalco
"1,028.85",PVR
348.85,Bharat Forge
103.95,Vedanta
price,stock_name
55.60,Alok Industries
"1,351.00",Metropolis
"1,772.05",Reliance
"2,958.00",Bajaj Finance
219.30,Indiabulls Hsg
427.60,Axis Bank
4.75,Reliance Power
98.35,Motherson Sumi
139.25,Future Retail
573.20,Bharti Airtel
104.65,Tata Motors
10.07,Vodafone Idea
491.20,IndusInd Bank
"1,078.05",HDFC Bank
184.45,SBI
207.00,ITC
52.60,BTL
"2,181.85",TCS
108.90,Phillips Carbon
574.75,HDFC Life
"2,169.20",HUL
363.55,Adani Ports
"2,722.00",Hero Motocorp
50.35,Tata Power
202.15,Cholamandalam
340.50,Bandhan Bank
"6,204.95",Bajaj Finserv
270.60,Petronet LNG
183.35,M&M Financial
365.10,Bharat Dynamics
364.45,ICICI Bank
"1,880.00",HDFC
93.65,Bharat Elec
38.10,BHEL
"5,950.50",Maruti Suzuki
527.95,M&M
174.90,RBL Bank
9.95,CG Power 
245.20,Ujjivan Financi
154.30,Jindal Steel
363.75,Cadila Health
"2,934.00",Bajaj Auto
332.60,Tata Steel
40.50,Reliance Infra
"2,187.25",Divis Labs
"1,701.35",Asian Paints
514.25,IOL Chemicals
389.20,Just Dial
949.75,Larsen
"1,410.00",Piramal Enter
"1,125.80",Muthoot Finance
82.65,ONGC
3.32,Jaiprakash Asso
761.35,Infosys
"1,355.90",Kotak Mahindra
128.85,Sterlite Techno
144.80,Hindalco
"1,028.85",PVR
348.85,Bharat Forge
103.95,Vedanta
price,stock_name
55.60,Alok Industries
"1,351.00",Metropolis
"1,772.05",Reliance
"2,958.00",Bajaj Finance
219.30,Indiabulls Hsg
427.60,Axis Bank
4.75,Reliance Power
98.35,Motherson Sumi
139.25,Future Retail
573.20,Bharti Airtel
104.65,Tata Motors
10.07,Vodafone Idea
491.20,IndusInd Bank
"1,078.05",HDFC Bank
184.45,SBI
207.00,ITC
52.60,BTL
"2,181.85",TCS
108.90,Phillips Carbon
574.75,HDFC Life
"2,169.20",HUL
363.55,Adani Ports
"2,722.00",Hero Motocorp
50.35,Tata Power
202.15,Cholamandalam
340.50,Bandhan Bank
"6,204.95",Bajaj Finserv
270.60,Petronet LNG
183.35,M&M Financial
365.10,Bharat Dynamics
364.45,ICICI Bank
"1,880.00",HDFC
93.65,Bharat Elec
38.10,BHEL
"5,950.50",Maruti Suzuki
527.95,M&M
174.90,RBL Bank
9.95,CG Power 
245.20,Ujjivan Financi
154.30,Jindal Steel
363.75,Cadila Health
"2,934.00",Bajaj Auto
332.60,Tata Steel
40.50,Reliance Infra
"2,187.25",Divis Labs
"1,701.35",Asian Paints
514.25,IOL Chemicals
389.20,Just Dial
949.75,Larsen
"1,410.00",Piramal Enter
"1,125.80",Muthoot Finance
82.65,ONGC
3.32,Jaiprakash Asso
761.35,Infosys
"1,355.90",Kotak Mahindra
128.85,Sterlite Techno
144.80,Hindalco
"1,028.85",PVR
348.85,Bharat Forge
103.95,Vedanta
price,stock_name
55.60,Alok Industries
"1,351.00",Metropolis
"1,772.05",Reliance
"2,958.00",Bajaj Finance
219.30,Indiabulls Hsg
427.60,Axis Bank
4.75,Reliance Power
98.35,Motherson Sumi
139.25,Future Retail
573.20,Bharti Airtel
104.65,Tata Motors
10.07,Vodafone Idea
491.20,IndusInd Bank
"1,078.05",HDFC Bank
184.45,SBI
207.00,ITC
52.60,BTL
"2,181.85",TCS
108.90,Phillips Carbon
574.75,HDFC Life
"2,169.20",HUL
363.55,Adani Ports
"2,722.00",Hero Motocorp
50.35,Tata Power
202.15,Cholamandalam
340.50,Bandhan Bank
"6,204.95",Bajaj Finserv
270.60,Petronet LNG
183.35,M&M Financial
365.10,Bharat Dynamics
364.45,ICICI Bank
"1,880.00",HDFC
93.65,Bharat Elec
38.10,BHEL
"5,950.50",Maruti Suzuki
527.95,M&M
174.90,RBL Bank
9.95,CG Power 
245.20,Ujjivan Financi
154.30,Jindal Steel
363.75,Cadila Health
"2,934.00",Bajaj Auto
332.60,Tata Steel
40.50,Reliance Infra
"2,187.25",Divis Labs
"1,701.35",Asian Paints
514.25,IOL Chemicals
389.20,Just Dial
949.75,Larsen
"1,410.00",Piramal Enter
"1,125.80",Muthoot Finance
82.65,ONGC
3.32,Jaiprakash Asso
761.35,Infosys
"1,355.90",Kotak Mahindra
128.85,Sterlite Techno
144.80,Hindalco
"1,028.85",PVR
348.85,Bharat Forge
103.95,Vedanta
price,stock_name
55.60,Alok Industries
"1,351.00",Metropolis
"1,773.00",Reliance
"2,960.95",Bajaj Finance
219.60,Indiabulls Hsg
427.95,Axis Bank
4.75,Reliance Power
98.25,Motherson Sumi
139.15,Future Retail
573.05,Bharti Airtel
104.80,Tata Motors
10.08,Vodafone Idea
491.05,IndusInd Bank
"1,079.00",HDFC Bank
184.45,SBI
206.95,ITC
52.60,BTL
"2,182.40",TCS
109.20,Phillips Carbon
575.00,HDFC Life
"2,169.00",HUL
363.20,Adani Ports
"2,722.00",Hero Motocorp
202.45,Cholamandalam
50.35,Tata Power
340.60,Bandhan Bank
"6,203.80",Bajaj Finserv
270.60,Petronet LNG
365.65,Bharat Dynamics
183.65,M&M Financial
364.40,ICICI Bank
"1,881.80",HDFC
93.50,Bharat Elec
38.00,BHEL
"5,950.70",Maruti Suzuki
528.20,M&M
175.20,RBL Bank
244.95,Ujjivan Financi
9.88,CG Power 
154.40,Jindal Steel
363.75,Cadila Health
332.90,Tata Steel
"2,934.00",Bajaj Auto
40.50,Reliance Infra
"2,187.35",Divis Labs
"1,702.25",Asian Paints
513.25,IOL Chemicals
389.20,Just Dial
950.00,Larsen
"1,410.00",Piramal Enter
"1,125.80",Muthoot Finance
82.70,ONGC
3.35,Jaiprakash Asso
761.45,Infosys
"1,357.20",Kotak Mahindra
128.75,Sterlite Techno
144.90,Hindalco
350.00,Bharat Forge
"1,029.65",PVR
104.00,Vedanta
price,stock_name
55.60,Alok Industries
"1,351.00",Metropolis
"1,773.20",Reliance
"2,960.50",Bajaj Finance
219.40,Indiabulls Hsg
427.95,Axis Bank
4.75,Reliance Power
98.30,Motherson Sumi
139.20,Future Retail
573.20,Bharti Airtel
104.85,Tata Motors
10.07,Vodafone Idea
491.00,IndusInd Bank
207.15,ITC
"1,079.00",HDFC Bank
184.45,SBI
52.60,BTL
"2,180.90",TCS
109.30,Phillips Carbon
576.15,HDFC Life
"2,169.85",HUL
362.85,Adani Ports
"2,722.30",Hero Motocorp
50.40,Tata Power
201.90,Cholamandalam
340.75,Bandhan Bank
183.80,M&M Financial
365.95,Bharat Dynamics
270.65,Petronet LNG
"6,204.05",Bajaj Finserv
364.55,ICICI Bank
"1,881.80",HDFC
93.60,Bharat Elec
38.10,BHEL
"5,950.70",Maruti Suzuki
528.30,M&M
175.20,RBL Bank
244.80,Ujjivan Financi
9.90,CG Power 
154.40,Jindal Steel
364.20,Cadila Health
"2,936.05",Bajaj Auto
332.75,Tata Steel
40.50,Reliance Infra
"2,187.35",Divis Labs
"1,702.05",Asian Paints
512.35,IOL Chemicals
389.35,Just Dial
950.35,Larsen
"1,412.00",Piramal Enter
"1,127.60",Muthoot Finance
82.65,ONGC
3.33,Jaiprakash Asso
761.60,Infosys
"1,356.50",Kotak Mahindra
128.35,Sterlite Techno
145.05,Hindalco
350.00,Bharat Forge
104.05,Vedanta
"1,028.95",PVR
price,stock_name
55.60,Alok Industries
"1,351.00",Metropolis
"1,773.00",Reliance
"2,960.95",Bajaj Finance
219.60,Indiabulls Hsg
427.95,Axis Bank
4.75,Reliance Power
98.25,Motherson Sumi
139.15,Future Retail
573.05,Bharti Airtel
104.80,Tata Motors
10.08,Vodafone Idea
491.05,IndusInd Bank
"1,079.00",HDFC Bank
184.45,SBI
206.95,ITC
52.60,BTL
"2,182.40",TCS
109.20,Phillips Carbon
575.00,HDFC Life
"2,169.00",HUL
363.20,Adani Ports
"2,722.00",Hero Motocorp
202.45,Cholamandalam
50.35,Tata Power
340.60,Bandhan Bank
"6,203.80",Bajaj Finserv
270.60,Petronet LNG
365.65,Bharat Dynamics
183.65,M&M Financial
364.40,ICICI Bank
"1,881.80",HDFC
93.50,Bharat Elec
38.00,BHEL
"5,950.70",Maruti Suzuki
528.20,M&M
175.20,RBL Bank
244.95,Ujjivan Financi
9.88,CG Power 
154.40,Jindal Steel
363.75,Cadila Health
332.90,Tata Steel
"2,934.00",Bajaj Auto
40.50,Reliance Infra
"2,187.35",Divis Labs
"1,702.25",Asian Paints
513.25,IOL Chemicals
389.20,Just Dial
950.00,Larsen
"1,410.00",Piramal Enter
"1,125.80",Muthoot Finance
82.70,ONGC
3.35,Jaiprakash Asso
761.45,Infosys
"1,357.20",Kotak Mahindra
128.75,Sterlite Techno
144.90,Hindalco
350.00,Bharat Forge
"1,029.65",PVR
104.00,Vedanta
price,stock_name
55.60,Alok Industries
"1,351.00",Metropolis
"1,773.20",Reliance
"2,960.50",Bajaj Finance
219.40,Indiabulls Hsg
427.95,Axis Bank
4.75,Reliance Power
98.30,Motherson Sumi
139.20,Future Retail
573.20,Bharti Airtel
104.85,Tata Motors
10.07,Vodafone Idea
491.00,IndusInd Bank
207.15,ITC
"1,079.00",HDFC Bank
184.45,SBI
52.60,BTL
"2,180.90",TCS
109.30,Phillips Carbon
576.15,HDFC Life
"2,169.85",HUL
362.85,Adani Ports
"2,722.30",Hero Motocorp
50.40,Tata Power
201.90,Cholamandalam
340.75,Bandhan Bank
183.80,M&M Financial
365.95,Bharat Dynamics
270.65,Petronet LNG
"6,204.05",Bajaj Finserv
364.55,ICICI Bank
"1,881.80",HDFC
93.60,Bharat Elec
38.10,BHEL
"5,950.70",Maruti Suzuki
528.30,M&M
175.20,RBL Bank
244.80,Ujjivan Financi
9.90,CG Power 
154.40,Jindal Steel
364.20,Cadila Health
"2,936.05",Bajaj Auto
332.75,Tata Steel
40.50,Reliance Infra
"2,187.35",Divis Labs
"1,702.05",Asian Paints
512.35,IOL Chemicals
389.35,Just Dial
950.35,Larsen
"1,412.00",Piramal Enter
"1,127.60",Muthoot Finance
82.65,ONGC
3.33,Jaiprakash Asso
761.60,Infosys
"1,356.50",Kotak Mahindra
128.35,Sterlite Techno
145.05,Hindalco
350.00,Bharat Forge
104.05,Vedanta
"1,028.95",PVR
price,stock_name
55.60,Alok Industries
"1,351.00",Metropolis
"1,773.20",Reliance
"2,960.50",Bajaj Finance
219.40,Indiabulls Hsg
427.95,Axis Bank
4.75,Reliance Power
98.30,Motherson Sumi
139.20,Future Retail
573.20,Bharti Airtel
104.85,Tata Motors
10.07,Vodafone Idea
491.00,IndusInd Bank
207.15,ITC
"1,079.00",HDFC Bank
184.45,SBI
52.60,BTL
"2,180.90",TCS
109.30,Phillips Carbon
576.15,HDFC Life
"2,169.85",HUL
362.85,Adani Ports
"2,722.30",Hero Motocorp
50.40,Tata Power
201.90,Cholamandalam
340.75,Bandhan Bank
183.80,M&M Financial
365.95,Bharat Dynamics
270.65,Petronet LNG
"6,204.05",Bajaj Finserv
364.55,ICICI Bank
"1,881.80",HDFC
93.60,Bharat Elec
38.10,BHEL
"5,950.70",Maruti Suzuki
528.30,M&M
175.20,RBL Bank
244.80,Ujjivan Financi
9.90,CG Power 
154.40,Jindal Steel
364.20,Cadila Health
"2,936.05",Bajaj Auto
332.75,Tata Steel
40.50,Reliance Infra
"2,187.35",Divis Labs
"1,702.05",Asian Paints
512.35,IOL Chemicals
389.35,Just Dial
950.35,Larsen
"1,412.00",Piramal Enter
"1,127.60",Muthoot Finance
82.65,ONGC
3.33,Jaiprakash Asso
761.60,Infosys
"1,356.50",Kotak Mahindra
128.35,Sterlite Techno
145.05,Hindalco
350.00,Bharat Forge
104.05,Vedanta
"1,028.95",PVR
price,stock_name
55.60,Alok Industries
"1,351.00",Metropolis
"1,774.00",Reliance
"2,954.00",Bajaj Finance
219.45,Indiabulls Hsg
427.85,Axis Bank
4.75,Reliance Power
98.40,Motherson Sumi
139.85,Future Retail
573.45,Bharti Airtel
104.70,Tata Motors
10.07,Vodafone Idea
491.30,IndusInd Bank
207.10,ITC
"1,077.75",HDFC Bank
184.45,SBI
52.60,BTL
"2,183.30",TCS
577.40,HDFC Life
109.55,Phillips Carbon
"2,169.50",HUL
362.90,Adani Ports
"2,722.65",Hero Motocorp
202.05,Cholamandalam
50.40,Tata Power
340.25,Bandhan Bank
270.50,Petronet LNG
366.30,Bharat Dynamics
183.90,M&M Financial
"6,204.95",Bajaj Finserv
364.40,ICICI Bank
"1,880.25",HDFC
93.55,Bharat Elec
38.05,BHEL
"5,946.50",Maruti Suzuki
528.05,M&M
175.10,RBL Bank
244.90,Ujjivan Financi
9.88,CG Power 
154.40,Jindal Steel
"2,937.00",Bajaj Auto
332.85,Tata Steel
363.85,Cadila Health
40.50,Reliance Infra
"2,190.00",Divis Labs
511.30,IOL Chemicals
"1,702.05",Asian Paints
389.20,Just Dial
949.15,Larsen
"1,412.00",Piramal Enter
"1,127.70",Muthoot Finance
82.65,ONGC
3.30,Jaiprakash Asso
761.35,Infosys
"1,357.55",Kotak Mahindra
128.45,Sterlite Techno
145.30,Hindalco
350.20,Bharat Forge
104.35,Vedanta
"1,028.90",PVR
price,stock_name
55.60,Alok Industries
"1,351.00",Metropolis
"1,774.00",Reliance
"2,954.00",Bajaj Finance
219.45,Indiabulls Hsg
427.85,Axis Bank
4.75,Reliance Power
98.40,Motherson Sumi
139.85,Future Retail
573.45,Bharti Airtel
104.70,Tata Motors
10.07,Vodafone Idea
491.30,IndusInd Bank
207.10,ITC
"1,077.75",HDFC Bank
184.45,SBI
52.60,BTL
"2,183.30",TCS
577.40,HDFC Life
109.55,Phillips Carbon
"2,169.50",HUL
362.90,Adani Ports
"2,722.65",Hero Motocorp
202.05,Cholamandalam
50.40,Tata Power
340.25,Bandhan Bank
270.50,Petronet LNG
366.30,Bharat Dynamics
183.90,M&M Financial
"6,204.95",Bajaj Finserv
364.40,ICICI Bank
"1,880.25",HDFC
93.55,Bharat Elec
38.05,BHEL
"5,946.50",Maruti Suzuki
528.05,M&M
175.10,RBL Bank
244.90,Ujjivan Financi
9.88,CG Power 
154.40,Jindal Steel
"2,937.00",Bajaj Auto
332.85,Tata Steel
363.85,Cadila Health
40.50,Reliance Infra
"2,190.00",Divis Labs
511.30,IOL Chemicals
"1,702.05",Asian Paints
389.20,Just Dial
949.15,Larsen
"1,412.00",Piramal Enter
"1,127.70",Muthoot Finance
82.65,ONGC
3.30,Jaiprakash Asso
761.35,Infosys
"1,357.55",Kotak Mahindra
128.45,Sterlite Techno
145.30,Hindalco
350.20,Bharat Forge
104.35,Vedanta
"1,028.90",PVR
price,stock_name
55.60,Alok Industries
"1,351.00",Metropolis
"1,774.00",Reliance
"2,954.00",Bajaj Finance
219.45,Indiabulls Hsg
427.85,Axis Bank
4.75,Reliance Power
98.40,Motherson Sumi
139.85,Future Retail
573.45,Bharti Airtel
104.70,Tata Motors
10.07,Vodafone Idea
491.30,IndusInd Bank
207.10,ITC
"1,077.75",HDFC Bank
184.45,SBI
52.60,BTL
"2,183.30",TCS
577.40,HDFC Life
109.55,Phillips Carbon
"2,169.50",HUL
362.90,Adani Ports
"2,722.65",Hero Motocorp
202.05,Cholamandalam
50.40,Tata Power
340.25,Bandhan Bank
270.50,Petronet LNG
366.30,Bharat Dynamics
183.90,M&M Financial
"6,204.95",Bajaj Finserv
364.40,ICICI Bank
"1,880.25",HDFC
93.55,Bharat Elec
38.05,BHEL
"5,946.50",Maruti Suzuki
528.05,M&M
175.10,RBL Bank
244.90,Ujjivan Financi
9.88,CG Power 
154.40,Jindal Steel
"2,937.00",Bajaj Auto
332.85,Tata Steel
363.85,Cadila Health
40.50,Reliance Infra
"2,190.00",Divis Labs
511.30,IOL Chemicals
"1,702.05",Asian Paints
389.20,Just Dial
949.15,Larsen
"1,412.00",Piramal Enter
"1,127.70",Muthoot Finance
82.65,ONGC
3.30,Jaiprakash Asso
761.35,Infosys
"1,357.55",Kotak Mahindra
128.45,Sterlite Techno
145.30,Hindalco
350.20,Bharat Forge
104.35,Vedanta
"1,028.90",PVR
price,stock_name
55.60,Alok Industries
"1,351.00",Metropolis
"1,774.00",Reliance
"2,954.00",Bajaj Finance
219.45,Indiabulls Hsg
427.85,Axis Bank
4.75,Reliance Power
98.40,Motherson Sumi
139.85,Future Retail
573.45,Bharti Airtel
104.70,Tata Motors
10.07,Vodafone Idea
491.30,IndusInd Bank
207.10,ITC
"1,077.75",HDFC Bank
184.45,SBI
52.60,BTL
"2,183.30",TCS
577.40,HDFC Life
109.55,Phillips Carbon
"2,169.50",HUL
362.90,Adani Ports
"2,722.65",Hero Motocorp
202.05,Cholamandalam
50.40,Tata Power
340.25,Bandhan Bank
270.50,Petronet LNG
366.30,Bharat Dynamics
183.90,M&M Financial
"6,204.95",Bajaj Finserv
364.40,ICICI Bank
"1,880.25",HDFC
93.55,Bharat Elec
38.05,BHEL
"5,946.50",Maruti Suzuki
528.05,M&M
175.10,RBL Bank
244.90,Ujjivan Financi
9.88,CG Power 
154.40,Jindal Steel
"2,937.00",Bajaj Auto
332.85,Tata Steel
363.85,Cadila Health
40.50,Reliance Infra
"2,190.00",Divis Labs
511.30,IOL Chemicals
"1,702.05",Asian Paints
389.20,Just Dial
949.15,Larsen
"1,412.00",Piramal Enter
"1,127.70",Muthoot Finance
82.65,ONGC
3.30,Jaiprakash Asso
761.35,Infosys
"1,357.55",Kotak Mahindra
128.45,Sterlite Techno
145.30,Hindalco
350.20,Bharat Forge
104.35,Vedanta
"1,028.90",PVR
price,stock_name
55.60,Alok Industries
"1,351.00",Metropolis
"1,773.40",Reliance
"2,956.95",Bajaj Finance
219.00,Indiabulls Hsg
427.50,Axis Bank
4.75,Reliance Power
98.30,Motherson Sumi
139.90,Future Retail
573.75,Bharti Airtel
104.80,Tata Motors
10.08,Vodafone Idea
489.40,IndusInd Bank
207.05,ITC
"1,077.95",HDFC Bank
184.55,SBI
52.60,BTL
"2,181.10",TCS
576.80,HDFC Life
109.75,Phillips Carbon
"2,169.60",HUL
362.05,Adani Ports
50.20,Tata Power
"2,721.85",Hero Motocorp
202.15,Cholamandalam
"6,195.00",Bajaj Finserv
366.65,Bharat Dynamics
270.75,Petronet LNG
340.15,Bandhan Bank
183.60,M&M Financial
364.45,ICICI Bank
"1,880.25",HDFC
93.65,Bharat Elec
37.95,BHEL
"5,945.00",Maruti Suzuki
528.65,M&M
175.05,RBL Bank
9.85,CG Power 
244.75,Ujjivan Financi
154.30,Jindal Steel
364.10,Cadila Health
"2,935.30",Bajaj Auto
332.70,Tata Steel
40.50,Reliance Infra
"2,190.00",Divis Labs
389.95,Just Dial
511.60,IOL Chemicals
"1,702.10",Asian Paints
949.05,Larsen
"1,412.00",Piramal Enter
"1,126.90",Muthoot Finance
82.60,ONGC
3.30,Jaiprakash Asso
761.50,Infosys
"1,357.55",Kotak Mahindra
128.75,Sterlite Techno
145.25,Hindalco
349.55,Bharat Forge
104.35,Vedanta
"1,028.75",PVR
price,stock_name
55.60,Alok Industries
"1,351.00",Metropolis
"1,773.40",Reliance
"2,956.95",Bajaj Finance
219.00,Indiabulls Hsg
427.50,Axis Bank
4.75,Reliance Power
98.30,Motherson Sumi
139.90,Future Retail
573.75,Bharti Airtel
104.80,Tata Motors
10.08,Vodafone Idea
489.40,IndusInd Bank
207.05,ITC
"1,077.95",HDFC Bank
184.55,SBI
52.60,BTL
"2,181.10",TCS
576.80,HDFC Life
109.75,Phillips Carbon
"2,169.60",HUL
362.05,Adani Ports
50.20,Tata Power
"2,721.85",Hero Motocorp
202.15,Cholamandalam
"6,195.00",Bajaj Finserv
366.65,Bharat Dynamics
270.75,Petronet LNG
340.15,Bandhan Bank
183.60,M&M Financial
364.45,ICICI Bank
"1,880.25",HDFC
93.65,Bharat Elec
37.95,BHEL
"5,945.00",Maruti Suzuki
528.65,M&M
175.05,RBL Bank
9.85,CG Power 
244.75,Ujjivan Financi
154.30,Jindal Steel
364.10,Cadila Health
"2,935.30",Bajaj Auto
332.70,Tata Steel
40.50,Reliance Infra
"2,190.00",Divis Labs
389.95,Just Dial
511.60,IOL Chemicals
"1,702.10",Asian Paints
949.05,Larsen
"1,412.00",Piramal Enter
"1,126.90",Muthoot Finance
82.60,ONGC
3.30,Jaiprakash Asso
761.50,Infosys
"1,357.55",Kotak Mahindra
128.75,Sterlite Techno
145.25,Hindalco
349.55,Bharat Forge
104.35,Vedanta
"1,028.75",PVR
price,stock_name
55.60,Alok Industries
"1,351.00",Metropolis
"1,773.40",Reliance
"2,956.95",Bajaj Finance
219.00,Indiabulls Hsg
427.50,Axis Bank
4.75,Reliance Power
98.30,Motherson Sumi
139.90,Future Retail
573.75,Bharti Airtel
104.80,Tata Motors
10.08,Vodafone Idea
489.40,IndusInd Bank
207.05,ITC
"1,077.95",HDFC Bank
184.55,SBI
52.60,BTL
"2,181.10",TCS
576.80,HDFC Life
109.75,Phillips Carbon
"2,169.60",HUL
362.05,Adani Ports
50.20,Tata Power
"2,721.85",Hero Motocorp
202.15,Cholamandalam
"6,195.00",Bajaj Finserv
366.65,Bharat Dynamics
270.75,Petronet LNG
340.15,Bandhan Bank
183.60,M&M Financial
364.45,ICICI Bank
"1,880.25",HDFC
93.65,Bharat Elec
37.95,BHEL
"5,945.00",Maruti Suzuki
528.65,M&M
175.05,RBL Bank
9.85,CG Power 
244.75,Ujjivan Financi
154.30,Jindal Steel
364.10,Cadila Health
"2,935.30",Bajaj Auto
332.70,Tata Steel
40.50,Reliance Infra
"2,190.00",Divis Labs
389.95,Just Dial
511.60,IOL Chemicals
"1,702.10",Asian Paints
949.05,Larsen
"1,412.00",Piramal Enter
"1,126.90",Muthoot Finance
82.60,ONGC
3.30,Jaiprakash Asso
761.50,Infosys
"1,357.55",Kotak Mahindra
128.75,Sterlite Techno
145.25,Hindalco
349.55,Bharat Forge
104.35,Vedanta
"1,028.75",PVR
price,stock_name
55.60,Alok Industries
"1,351.00",Metropolis
"1,773.50",Reliance
"2,959.95",Bajaj Finance
219.70,Indiabulls Hsg
427.75,Axis Bank
4.75,Reliance Power
98.50,Motherson Sumi
139.20,Future Retail
573.25,Bharti Airtel
104.75,Tata Motors
10.07,Vodafone Idea
489.40,IndusInd Bank
207.05,ITC
"1,079.30",HDFC Bank
184.70,SBI
52.60,BTL
"2,182.40",TCS
577.75,HDFC Life
110.50,Phillips Carbon
"2,169.60",HUL
362.15,Adani Ports
50.25,Tata Power
"2,723.20",Hero Motocorp
202.25,Cholamandalam
"6,205.00",Bajaj Finserv
270.90,Petronet LNG
184.00,M&M Financial
340.60,Bandhan Bank
366.30,Bharat Dynamics
364.95,ICICI Bank
"1,883.40",HDFC
93.55,Bharat Elec
38.00,BHEL
"5,946.25",Maruti Suzuki
528.45,M&M
175.00,RBL Bank
9.88,CG Power 
245.00,Ujjivan Financi
154.25,Jindal Steel
364.55,Cadila Health
332.55,Tata Steel
"2,935.30",Bajaj Auto
40.50,Reliance Infra
"2,190.00",Divis Labs
390.00,Just Dial
512.10,IOL Chemicals
"1,702.10",Asian Paints
950.40,Larsen
"1,411.25",Piramal Enter
82.65,ONGC
"1,128.00",Muthoot Finance
3.30,Jaiprakash Asso
761.00,Infosys
"1,356.65",Kotak Mahindra
128.50,Sterlite Techno
145.35,Hindalco
349.25,Bharat Forge
104.45,Vedanta
"1,026.70",PVR
price,stock_name
55.60,Alok Industries
"1,351.00",Metropolis
"1,773.50",Reliance
"2,959.95",Bajaj Finance
219.70,Indiabulls Hsg
427.75,Axis Bank
4.75,Reliance Power
98.50,Motherson Sumi
139.20,Future Retail
573.25,Bharti Airtel
104.75,Tata Motors
10.07,Vodafone Idea
489.40,IndusInd Bank
207.05,ITC
"1,079.30",HDFC Bank
184.70,SBI
52.60,BTL
"2,182.40",TCS
577.75,HDFC Life
110.50,Phillips Carbon
"2,169.60",HUL
362.15,Adani Ports
50.25,Tata Power
"2,723.20",Hero Motocorp
202.25,Cholamandalam
"6,205.00",Bajaj Finserv
270.90,Petronet LNG
184.00,M&M Financial
340.60,Bandhan Bank
366.30,Bharat Dynamics
364.95,ICICI Bank
"1,883.40",HDFC
93.55,Bharat Elec
38.00,BHEL
"5,946.25",Maruti Suzuki
528.45,M&M
175.00,RBL Bank
9.88,CG Power 
245.00,Ujjivan Financi
154.25,Jindal Steel
364.55,Cadila Health
332.55,Tata Steel
"2,935.30",Bajaj Auto
40.50,Reliance Infra
"2,190.00",Divis Labs
390.00,Just Dial
512.10,IOL Chemicals
"1,702.10",Asian Paints
950.40,Larsen
"1,411.25",Piramal Enter
82.65,ONGC
"1,128.00",Muthoot Finance
3.30,Jaiprakash Asso
761.00,Infosys
"1,356.65",Kotak Mahindra
128.50,Sterlite Techno
145.35,Hindalco
349.25,Bharat Forge
104.45,Vedanta
"1,026.70",PVR
price,stock_name
55.60,Alok Industries
"1,351.00",Metropolis
"1,773.50",Reliance
"2,959.95",Bajaj Finance
219.70,Indiabulls Hsg
427.75,Axis Bank
4.75,Reliance Power
98.50,Motherson Sumi
139.20,Future Retail
573.25,Bharti Airtel
104.75,Tata Motors
10.07,Vodafone Idea
489.40,IndusInd Bank
207.05,ITC
"1,079.30",HDFC Bank
184.70,SBI
52.60,BTL
"2,182.40",TCS
577.75,HDFC Life
110.50,Phillips Carbon
"2,169.60",HUL
362.15,Adani Ports
50.25,Tata Power
"2,723.20",Hero Motocorp
202.25,Cholamandalam
"6,205.00",Bajaj Finserv
270.90,Petronet LNG
184.00,M&M Financial
340.60,Bandhan Bank
366.30,Bharat Dynamics
364.95,ICICI Bank
"1,883.40",HDFC
93.55,Bharat Elec
38.00,BHEL
"5,946.25",Maruti Suzuki
528.45,M&M
175.00,RBL Bank
9.88,CG Power 
245.00,Ujjivan Financi
154.25,Jindal Steel
364.55,Cadila Health
332.55,Tata Steel
"2,935.30",Bajaj Auto
40.50,Reliance Infra
"2,190.00",Divis Labs
390.00,Just Dial
512.10,IOL Chemicals
"1,702.10",Asian Paints
950.40,Larsen
"1,411.25",Piramal Enter
82.65,ONGC
"1,128.00",Muthoot Finance
3.30,Jaiprakash Asso
761.00,Infosys
"1,356.65",Kotak Mahindra
128.50,Sterlite Techno
145.35,Hindalco
349.25,Bharat Forge
104.45,Vedanta
"1,026.70",PVR
price,stock_name
55.60,Alok Industries
"1,351.00",Metropolis
"1,773.65",Reliance
"2,960.25",Bajaj Finance
219.90,Indiabulls Hsg
427.65,Axis Bank
4.75,Reliance Power
98.45,Motherson Sumi
139.35,Future Retail
573.30,Bharti Airtel
104.75,Tata Motors
10.07,Vodafone Idea
490.10,IndusInd Bank
"1,078.45",HDFC Bank
207.10,ITC
184.70,SBI
52.60,BTL
"2,181.40",TCS
578.10,HDFC Life
110.50,Phillips Carbon
"2,169.60",HUL
362.95,Adani Ports
50.30,Tata Power
"2,724.00",Hero Motocorp
202.40,Cholamandalam
"6,200.00",Bajaj Finserv
184.05,M&M Financial
366.50,Bharat Dynamics
270.30,Petronet LNG
364.70,ICICI Bank
340.50,Bandhan Bank
"1,884.00",HDFC
93.70,Bharat Elec
37.95,BHEL
"5,947.00",Maruti Suzuki
528.50,M&M
175.00,RBL Bank
9.87,CG Power 
244.80,Ujjivan Financi
154.25,Jindal Steel
332.95,Tata Steel
364.55,Cadila Health
"2,937.00",Bajaj Auto
40.50,Reliance Infra
"2,187.35",Divis Labs
511.50,IOL Chemicals
389.60,Just Dial
"1,703.00",Asian Paints
949.40,Larsen
82.55,ONGC
"1,411.25",Piramal Enter
"1,128.75",Muthoot Finance
3.30,Jaiprakash Asso
760.90,Infosys
"1,356.30",Kotak Mahindra
104.90,Vedanta
128.40,Sterlite Techno
145.55,Hindalco
349.55,Bharat Forge
"1,029.70",PVR
price,stock_name
55.60,Alok Industries
"1,351.00",Metropolis
"1,773.65",Reliance
"2,960.25",Bajaj Finance
219.90,Indiabulls Hsg
427.65,Axis Bank
4.75,Reliance Power
98.45,Motherson Sumi
139.35,Future Retail
573.30,Bharti Airtel
104.75,Tata Motors
10.07,Vodafone Idea
490.10,IndusInd Bank
"1,078.45",HDFC Bank
207.10,ITC
184.70,SBI
52.60,BTL
"2,181.40",TCS
578.10,HDFC Life
110.50,Phillips Carbon
"2,169.60",HUL
362.95,Adani Ports
50.30,Tata Power
"2,724.00",Hero Motocorp
202.40,Cholamandalam
"6,200.00",Bajaj Finserv
184.05,M&M Financial
366.50,Bharat Dynamics
270.30,Petronet LNG
364.70,ICICI Bank
340.50,Bandhan Bank
"1,884.00",HDFC
93.70,Bharat Elec
37.95,BHEL
"5,947.00",Maruti Suzuki
528.50,M&M
175.00,RBL Bank
9.87,CG Power 
244.80,Ujjivan Financi
154.25,Jindal Steel
332.95,Tata Steel
364.55,Cadila Health
"2,937.00",Bajaj Auto
40.50,Reliance Infra
"2,187.35",Divis Labs
511.50,IOL Chemicals
389.60,Just Dial
"1,703.00",Asian Paints
949.40,Larsen
82.55,ONGC
"1,411.25",Piramal Enter
"1,128.75",Muthoot Finance
3.30,Jaiprakash Asso
760.90,Infosys
"1,356.30",Kotak Mahindra
104.90,Vedanta
128.40,Sterlite Techno
145.55,Hindalco
349.55,Bharat Forge
"1,029.70",PVR
price,stock_name
55.60,Alok Industries
"1,351.00",Metropolis
"1,773.65",Reliance
"2,960.25",Bajaj Finance
219.90,Indiabulls Hsg
427.65,Axis Bank
4.75,Reliance Power
98.45,Motherson Sumi
139.35,Future Retail
573.30,Bharti Airtel
104.75,Tata Motors
10.07,Vodafone Idea
490.10,IndusInd Bank
"1,078.45",HDFC Bank
207.10,ITC
184.70,SBI
52.60,BTL
"2,181.40",TCS
578.10,HDFC Life
110.50,Phillips Carbon
"2,169.60",HUL
362.95,Adani Ports
50.30,Tata Power
"2,724.00",Hero Motocorp
202.40,Cholamandalam
"6,200.00",Bajaj Finserv
184.05,M&M Financial
366.50,Bharat Dynamics
270.30,Petronet LNG
364.70,ICICI Bank
340.50,Bandhan Bank
"1,884.00",HDFC
93.70,Bharat Elec
37.95,BHEL
"5,947.00",Maruti Suzuki
528.50,M&M
175.00,RBL Bank
9.87,CG Power 
244.80,Ujjivan Financi
154.25,Jindal Steel
332.95,Tata Steel
364.55,Cadila Health
"2,937.00",Bajaj Auto
40.50,Reliance Infra
"2,187.35",Divis Labs
511.50,IOL Chemicals
389.60,Just Dial
"1,703.00",Asian Paints
949.40,Larsen
82.55,ONGC
"1,411.25",Piramal Enter
"1,128.75",Muthoot Finance
3.30,Jaiprakash Asso
760.90,Infosys
"1,356.30",Kotak Mahindra
104.90,Vedanta
128.40,Sterlite Techno
145.55,Hindalco
349.55,Bharat Forge
"1,029.70",PVR
price,stock_name
55.60,Alok Industries
"1,351.00",Metropolis
"1,773.65",Reliance
"2,960.25",Bajaj Finance
219.90,Indiabulls Hsg
427.65,Axis Bank
4.75,Reliance Power
98.45,Motherson Sumi
139.35,Future Retail
573.30,Bharti Airtel
104.75,Tata Motors
10.07,Vodafone Idea
490.10,IndusInd Bank
"1,078.45",HDFC Bank
207.10,ITC
184.70,SBI
52.60,BTL
"2,181.40",TCS
578.10,HDFC Life
110.50,Phillips Carbon
"2,169.60",HUL
362.95,Adani Ports
50.30,Tata Power
"2,724.00",Hero Motocorp
202.40,Cholamandalam
"6,200.00",Bajaj Finserv
184.05,M&M Financial
366.50,Bharat Dynamics
270.30,Petronet LNG
364.70,ICICI Bank
340.50,Bandhan Bank
"1,884.00",HDFC
93.70,Bharat Elec
37.95,BHEL
"5,947.00",Maruti Suzuki
528.50,M&M
175.00,RBL Bank
9.87,CG Power 
244.80,Ujjivan Financi
154.25,Jindal Steel
332.95,Tata Steel
364.55,Cadila Health
"2,937.00",Bajaj Auto
40.50,Reliance Infra
"2,187.35",Divis Labs
511.50,IOL Chemicals
389.60,Just Dial
"1,703.00",Asian Paints
949.40,Larsen
82.55,ONGC
"1,411.25",Piramal Enter
"1,128.75",Muthoot Finance
3.30,Jaiprakash Asso
760.90,Infosys
"1,356.30",Kotak Mahindra
104.90,Vedanta
128.40,Sterlite Techno
145.55,Hindalco
349.55,Bharat Forge
"1,029.70",PVR
price,stock_name
55.60,Alok Industries
"1,351.00",Metropolis
"1,772.20",Reliance
"2,957.85",Bajaj Finance
219.75,Indiabulls Hsg
427.40,Axis Bank
4.75,Reliance Power
98.40,Motherson Sumi
139.40,Future Retail
573.35,Bharti Airtel
104.70,Tata Motors
10.08,Vodafone Idea
489.75,IndusInd Bank
"1,078.45",HDFC Bank
207.15,ITC
184.65,SBI
52.60,BTL
"2,180.40",TCS
577.35,HDFC Life
109.95,Phillips Carbon
"2,169.25",HUL
50.35,Tata Power
362.40,Adani Ports
"2,724.75",Hero Motocorp
202.50,Cholamandalam
"6,203.20",Bajaj Finserv
183.85,M&M Financial
340.60,Bandhan Bank
366.30,Bharat Dynamics
364.55,ICICI Bank
270.50,Petronet LNG
"1,884.00",HDFC
93.65,Bharat Elec
38.00,BHEL
"5,947.60",Maruti Suzuki
528.40,M&M
175.15,RBL Bank
9.84,CG Power 
244.90,Ujjivan Financi
154.35,Jindal Steel
332.85,Tata Steel
364.95,Cadila Health
"2,935.85",Bajaj Auto
40.50,Reliance Infra
"2,187.35",Divis Labs
514.00,IOL Chemicals
389.10,Just Dial
"1,702.85",Asian Paints
949.60,Larsen
82.60,ONGC
"1,411.70",Piramal Enter
"1,129.90",Muthoot Finance
3.30,Jaiprakash Asso
760.70,Infosys
"1,357.40",Kotak Mahindra
104.90,Vedanta
128.45,Sterlite Techno
145.55,Hindalco
349.55,Bharat Forge
"1,029.70",PVR
price,stock_name
55.60,Alok Industries
"1,351.00",Metropolis
"1,772.20",Reliance
"2,957.85",Bajaj Finance
219.75,Indiabulls Hsg
427.40,Axis Bank
4.75,Reliance Power
98.40,Motherson Sumi
139.40,Future Retail
573.35,Bharti Airtel
104.70,Tata Motors
10.08,Vodafone Idea
489.75,IndusInd Bank
"1,078.45",HDFC Bank
207.15,ITC
184.65,SBI
52.60,BTL
"2,180.40",TCS
577.35,HDFC Life
109.95,Phillips Carbon
"2,169.25",HUL
50.35,Tata Power
362.40,Adani Ports
"2,724.75",Hero Motocorp
202.50,Cholamandalam
"6,203.20",Bajaj Finserv
183.85,M&M Financial
340.60,Bandhan Bank
366.30,Bharat Dynamics
364.55,ICICI Bank
270.50,Petronet LNG
"1,884.00",HDFC
93.65,Bharat Elec
38.00,BHEL
"5,947.60",Maruti Suzuki
528.40,M&M
175.15,RBL Bank
9.84,CG Power 
244.90,Ujjivan Financi
154.35,Jindal Steel
332.85,Tata Steel
364.95,Cadila Health
"2,935.85",Bajaj Auto
40.50,Reliance Infra
"2,187.35",Divis Labs
514.00,IOL Chemicals
389.10,Just Dial
"1,702.85",Asian Paints
949.60,Larsen
82.60,ONGC
"1,411.70",Piramal Enter
"1,129.90",Muthoot Finance
3.30,Jaiprakash Asso
760.70,Infosys
"1,357.40",Kotak Mahindra
104.90,Vedanta
128.45,Sterlite Techno
145.55,Hindalco
349.55,Bharat Forge
"1,029.70",PVR
price,stock_name
55.60,Alok Industries
"1,351.00",Metropolis
"1,772.20",Reliance
"2,957.85",Bajaj Finance
219.75,Indiabulls Hsg
427.40,Axis Bank
4.75,Reliance Power
98.40,Motherson Sumi
139.40,Future Retail
573.35,Bharti Airtel
104.70,Tata Motors
10.08,Vodafone Idea
489.75,IndusInd Bank
"1,078.45",HDFC Bank
207.15,ITC
184.65,SBI
52.60,BTL
"2,180.40",TCS
577.35,HDFC Life
109.95,Phillips Carbon
"2,169.25",HUL
50.35,Tata Power
362.40,Adani Ports
"2,724.75",Hero Motocorp
202.50,Cholamandalam
"6,203.20",Bajaj Finserv
183.85,M&M Financial
340.60,Bandhan Bank
366.30,Bharat Dynamics
364.55,ICICI Bank
270.50,Petronet LNG
"1,884.00",HDFC
93.65,Bharat Elec
38.00,BHEL
"5,947.60",Maruti Suzuki
528.40,M&M
175.15,RBL Bank
9.84,CG Power 
244.90,Ujjivan Financi
154.35,Jindal Steel
332.85,Tata Steel
364.95,Cadila Health
"2,935.85",Bajaj Auto
40.50,Reliance Infra
"2,187.35",Divis Labs
514.00,IOL Chemicals
389.10,Just Dial
"1,702.85",Asian Paints
949.60,Larsen
82.60,ONGC
"1,411.70",Piramal Enter
"1,129.90",Muthoot Finance
3.30,Jaiprakash Asso
760.70,Infosys
"1,357.40",Kotak Mahindra
104.90,Vedanta
128.45,Sterlite Techno
145.55,Hindalco
349.55,Bharat Forge
"1,029.70",PVR
price,stock_name
55.60,Alok Industries
"1,351.00",Metropolis
"1,771.95",Reliance
"2,957.80",Bajaj Finance
219.95,Indiabulls Hsg
427.50,Axis Bank
4.75,Reliance Power
98.35,Motherson Sumi
139.50,Future Retail
573.05,Bharti Airtel
104.75,Tata Motors
10.07,Vodafone Idea
489.90,IndusInd Bank
"1,078.45",HDFC Bank
207.10,ITC
184.60,SBI
52.60,BTL
"2,181.00",TCS
577.00,HDFC Life
110.15,Phillips Carbon
"2,170.00",HUL
50.35,Tata Power
362.70,Adani Ports
"2,723.05",Hero Motocorp
202.25,Cholamandalam
"6,196.40",Bajaj Finserv
183.80,M&M Financial
365.90,Bharat Dynamics
364.00,ICICI Bank
270.00,Petronet LNG
340.00,Bandhan Bank
"1,883.45",HDFC
93.70,Bharat Elec
37.95,BHEL
"5,946.75",Maruti Suzuki
528.45,M&M
175.00,RBL Bank
9.85,CG Power 
244.80,Ujjivan Financi
154.25,Jindal Steel
332.70,Tata Steel
364.85,Cadila Health
"2,935.85",Bajaj Auto
513.30,IOL Chemicals
40.50,Reliance Infra
"2,188.40",Divis Labs
389.10,Just Dial
"1,703.00",Asian Paints
948.75,Larsen
82.50,ONGC
"1,411.70",Piramal Enter
"1,129.95",Muthoot Finance
3.30,Jaiprakash Asso
761.50,Infosys
105.10,Vedanta
"1,356.70",Kotak Mahindra
145.35,Hindalco
128.65,Sterlite Techno
349.00,Bharat Forge
"1,029.00",PVR
price,stock_name
55.60,Alok Industries
"1,351.00",Metropolis
"1,771.95",Reliance
"2,957.80",Bajaj Finance
219.95,Indiabulls Hsg
427.50,Axis Bank
4.75,Reliance Power
98.35,Motherson Sumi
139.50,Future Retail
573.05,Bharti Airtel
104.75,Tata Motors
10.07,Vodafone Idea
489.90,IndusInd Bank
"1,078.45",HDFC Bank
207.10,ITC
184.60,SBI
52.60,BTL
"2,181.00",TCS
577.00,HDFC Life
110.15,Phillips Carbon
"2,170.00",HUL
50.35,Tata Power
362.70,Adani Ports
"2,723.05",Hero Motocorp
202.25,Cholamandalam
"6,196.40",Bajaj Finserv
183.80,M&M Financial
365.90,Bharat Dynamics
364.00,ICICI Bank
270.00,Petronet LNG
340.00,Bandhan Bank
"1,883.45",HDFC
93.70,Bharat Elec
37.95,BHEL
"5,946.75",Maruti Suzuki
528.45,M&M
175.00,RBL Bank
9.85,CG Power 
244.80,Ujjivan Financi
154.25,Jindal Steel
332.70,Tata Steel
364.85,Cadila Health
"2,935.85",Bajaj Auto
513.30,IOL Chemicals
40.50,Reliance Infra
"2,188.40",Divis Labs
389.10,Just Dial
"1,703.00",Asian Paints
948.75,Larsen
82.50,ONGC
"1,411.70",Piramal Enter
"1,129.95",Muthoot Finance
3.30,Jaiprakash Asso
761.50,Infosys
105.10,Vedanta
"1,356.70",Kotak Mahindra
145.35,Hindalco
128.65,Sterlite Techno
349.00,Bharat Forge
"1,029.00",PVR
price,stock_name
55.60,Alok Industries
"1,351.00",Metropolis
"1,771.95",Reliance
"2,957.80",Bajaj Finance
219.95,Indiabulls Hsg
427.50,Axis Bank
4.75,Reliance Power
98.35,Motherson Sumi
139.50,Future Retail
573.05,Bharti Airtel
104.75,Tata Motors
10.07,Vodafone Idea
489.90,IndusInd Bank
"1,078.45",HDFC Bank
207.10,ITC
184.60,SBI
52.60,BTL
"2,181.00",TCS
577.00,HDFC Life
110.15,Phillips Carbon
"2,170.00",HUL
50.35,Tata Power
362.70,Adani Ports
"2,723.05",Hero Motocorp
202.25,Cholamandalam
"6,196.40",Bajaj Finserv
183.80,M&M Financial
365.90,Bharat Dynamics
364.00,ICICI Bank
270.00,Petronet LNG
340.00,Bandhan Bank
"1,883.45",HDFC
93.70,Bharat Elec
37.95,BHEL
"5,946.75",Maruti Suzuki
528.45,M&M
175.00,RBL Bank
9.85,CG Power 
244.80,Ujjivan Financi
154.25,Jindal Steel
332.70,Tata Steel
364.85,Cadila Health
"2,935.85",Bajaj Auto
513.30,IOL Chemicals
40.50,Reliance Infra
"2,188.40",Divis Labs
389.10,Just Dial
"1,703.00",Asian Paints
948.75,Larsen
82.50,ONGC
"1,411.70",Piramal Enter
"1,129.95",Muthoot Finance
3.30,Jaiprakash Asso
761.50,Infosys
105.10,Vedanta
"1,356.70",Kotak Mahindra
145.35,Hindalco
128.65,Sterlite Techno
349.00,Bharat Forge
"1,029.00",PVR
price,stock_name
55.60,Alok Industries
"1,351.00",Metropolis
"1,772.00",Reliance
"2,960.85",Bajaj Finance
220.35,Indiabulls Hsg
427.85,Axis Bank
4.75,Reliance Power
98.40,Motherson Sumi
139.10,Future Retail
573.60,Bharti Airtel
104.85,Tata Motors
10.07,Vodafone Idea
490.65,IndusInd Bank
"1,079.40",HDFC Bank
207.10,ITC
184.85,SBI
52.60,BTL
"2,181.55",TCS
577.15,HDFC Life
110.20,Phillips Carbon
"2,169.25",HUL
50.45,Tata Power
362.70,Adani Ports
"2,723.05",Hero Motocorp
202.50,Cholamandalam
"6,205.50",Bajaj Finserv
184.05,M&M Financial
364.80,ICICI Bank
366.50,Bharat Dynamics
340.85,Bandhan Bank
270.50,Petronet LNG
"1,886.70",HDFC
93.60,Bharat Elec
37.95,BHEL
"5,947.05",Maruti Suzuki
528.25,M&M
175.30,RBL Bank
9.85,CG Power 
244.80,Ujjivan Financi
154.45,Jindal Steel
333.25,Tata Steel
364.50,Cadila Health
"2,935.85",Bajaj Auto
513.30,IOL Chemicals
40.50,Reliance Infra
"2,188.35",Divis Labs
389.10,Just Dial
"1,704.60",Asian Paints
82.50,ONGC
948.75,Larsen
"1,131.65",Muthoot Finance
"1,412.30",Piramal Enter
3.30,Jaiprakash Asso
761.10,Infosys
105.10,Vedanta
"1,358.50",Kotak Mahindra
145.35,Hindalco
128.75,Sterlite Techno
349.20,Bharat Forge
"1,029.55",PVR
price,stock_name
55.60,Alok Industries
"1,351.00",Metropolis
"1,772.00",Reliance
"2,960.85",Bajaj Finance
220.35,Indiabulls Hsg
427.85,Axis Bank
4.75,Reliance Power
98.40,Motherson Sumi
139.10,Future Retail
573.60,Bharti Airtel
104.85,Tata Motors
10.07,Vodafone Idea
490.65,IndusInd Bank
"1,079.40",HDFC Bank
207.10,ITC
184.85,SBI
52.60,BTL
"2,181.55",TCS
577.15,HDFC Life
110.20,Phillips Carbon
"2,169.25",HUL
50.45,Tata Power
362.70,Adani Ports
"2,723.05",Hero Motocorp
202.50,Cholamandalam
"6,205.50",Bajaj Finserv
184.05,M&M Financial
364.80,ICICI Bank
366.50,Bharat Dynamics
340.85,Bandhan Bank
270.50,Petronet LNG
"1,886.70",HDFC
93.60,Bharat Elec
37.95,BHEL
"5,947.05",Maruti Suzuki
528.25,M&M
175.30,RBL Bank
9.85,CG Power 
244.80,Ujjivan Financi
154.45,Jindal Steel
333.25,Tata Steel
364.50,Cadila Health
"2,935.85",Bajaj Auto
513.30,IOL Chemicals
40.50,Reliance Infra
"2,188.35",Divis Labs
389.10,Just Dial
"1,704.60",Asian Paints
82.50,ONGC
948.75,Larsen
"1,131.65",Muthoot Finance
"1,412.30",Piramal Enter
3.30,Jaiprakash Asso
761.10,Infosys
105.10,Vedanta
"1,358.50",Kotak Mahindra
145.35,Hindalco
128.75,Sterlite Techno
349.20,Bharat Forge
"1,029.55",PVR
price,stock_name
55.60,Alok Industries
"1,351.00",Metropolis
"1,772.00",Reliance
"2,960.85",Bajaj Finance
220.35,Indiabulls Hsg
427.85,Axis Bank
4.75,Reliance Power
98.40,Motherson Sumi
139.10,Future Retail
573.60,Bharti Airtel
104.85,Tata Motors
10.07,Vodafone Idea
490.65,IndusInd Bank
"1,079.40",HDFC Bank
207.10,ITC
184.85,SBI
52.60,BTL
"2,181.55",TCS
577.15,HDFC Life
110.20,Phillips Carbon
"2,169.25",HUL
50.45,Tata Power
362.70,Adani Ports
"2,723.05",Hero Motocorp
202.50,Cholamandalam
"6,205.50",Bajaj Finserv
184.05,M&M Financial
364.80,ICICI Bank
366.50,Bharat Dynamics
340.85,Bandhan Bank
270.50,Petronet LNG
"1,886.70",HDFC
93.60,Bharat Elec
37.95,BHEL
"5,947.05",Maruti Suzuki
528.25,M&M
175.30,RBL Bank
9.85,CG Power 
244.80,Ujjivan Financi
154.45,Jindal Steel
333.25,Tata Steel
364.50,Cadila Health
"2,935.85",Bajaj Auto
513.30,IOL Chemicals
40.50,Reliance Infra
"2,188.35",Divis Labs
389.10,Just Dial
"1,704.60",Asian Paints
82.50,ONGC
948.75,Larsen
"1,131.65",Muthoot Finance
"1,412.30",Piramal Enter
3.30,Jaiprakash Asso
761.10,Infosys
105.10,Vedanta
"1,358.50",Kotak Mahindra
145.35,Hindalco
128.75,Sterlite Techno
349.20,Bharat Forge
"1,029.55",PVR
price,stock_name
55.60,Alok Industries
"1,351.00",Metropolis
"1,772.00",Reliance
"2,966.40",Bajaj Finance
220.50,Indiabulls Hsg
427.75,Axis Bank
4.75,Reliance Power
98.25,Motherson Sumi
139.25,Future Retail
573.70,Bharti Airtel
104.90,Tata Motors
10.07,Vodafone Idea
491.50,IndusInd Bank
"1,080.05",HDFC Bank
207.05,ITC
184.95,SBI
52.60,BTL
"2,181.15",TCS
577.65,HDFC Life
109.95,Phillips Carbon
"2,169.20",HUL
50.50,Tata Power
362.85,Adani Ports
"6,209.00",Bajaj Finserv
"2,722.75",Hero Motocorp
202.30,Cholamandalam
365.45,ICICI Bank
184.30,M&M Financial
366.10,Bharat Dynamics
340.70,Bandhan Bank
270.50,Petronet LNG
"1,885.00",HDFC
93.70,Bharat Elec
38.00,BHEL
"5,952.90",Maruti Suzuki
528.65,M&M
175.35,RBL Bank
9.82,CG Power 
245.10,Ujjivan Financi
154.50,Jindal Steel
82.75,ONGC
333.75,Tata Steel
364.60,Cadila Health
"2,943.35",Bajaj Auto
512.55,IOL Chemicals
40.50,Reliance Infra
"2,190.00",Divis Labs
"1,704.00",Asian Paints
389.10,Just Dial
949.35,Larsen
"1,413.95",Piramal Enter
"1,131.50",Muthoot Finance
3.30,Jaiprakash Asso
760.90,Infosys
105.20,Vedanta
"1,358.00",Kotak Mahindra
145.60,Hindalco
129.00,Sterlite Techno
"1,030.05",PVR
349.85,Bharat Forge
price,stock_name
55.60,Alok Industries
"1,351.00",Metropolis
"1,772.00",Reliance
"2,966.40",Bajaj Finance
220.50,Indiabulls Hsg
427.75,Axis Bank
4.75,Reliance Power
98.25,Motherson Sumi
139.25,Future Retail
573.70,Bharti Airtel
104.90,Tata Motors
10.07,Vodafone Idea
491.50,IndusInd Bank
"1,080.05",HDFC Bank
207.05,ITC
184.95,SBI
52.60,BTL
"2,181.15",TCS
577.65,HDFC Life
109.95,Phillips Carbon
"2,169.20",HUL
50.50,Tata Power
362.85,Adani Ports
"6,209.00",Bajaj Finserv
"2,722.75",Hero Motocorp
202.30,Cholamandalam
365.45,ICICI Bank
184.30,M&M Financial
366.10,Bharat Dynamics
340.70,Bandhan Bank
270.50,Petronet LNG
"1,885.00",HDFC
93.70,Bharat Elec
38.00,BHEL
"5,952.90",Maruti Suzuki
528.65,M&M
175.35,RBL Bank
9.82,CG Power 
245.10,Ujjivan Financi
154.50,Jindal Steel
82.75,ONGC
333.75,Tata Steel
364.60,Cadila Health
"2,943.35",Bajaj Auto
512.55,IOL Chemicals
40.50,Reliance Infra
"2,190.00",Divis Labs
"1,704.00",Asian Paints
389.10,Just Dial
949.35,Larsen
"1,413.95",Piramal Enter
"1,131.50",Muthoot Finance
3.30,Jaiprakash Asso
760.90,Infosys
105.20,Vedanta
"1,358.00",Kotak Mahindra
145.60,Hindalco
129.00,Sterlite Techno
"1,030.05",PVR
349.85,Bharat Forge
price,stock_name
55.60,Alok Industries
"1,351.00",Metropolis
"1,772.00",Reliance
"2,966.40",Bajaj Finance
220.50,Indiabulls Hsg
427.75,Axis Bank
4.75,Reliance Power
98.25,Motherson Sumi
139.25,Future Retail
573.70,Bharti Airtel
104.90,Tata Motors
10.07,Vodafone Idea
491.50,IndusInd Bank
"1,080.05",HDFC Bank
207.05,ITC
184.95,SBI
52.60,BTL
"2,181.15",TCS
577.65,HDFC Life
109.95,Phillips Carbon
"2,169.20",HUL
50.50,Tata Power
362.85,Adani Ports
"6,209.00",Bajaj Finserv
"2,722.75",Hero Motocorp
202.30,Cholamandalam
365.45,ICICI Bank
184.30,M&M Financial
366.10,Bharat Dynamics
340.70,Bandhan Bank
270.50,Petronet LNG
"1,885.00",HDFC
93.70,Bharat Elec
38.00,BHEL
"5,952.90",Maruti Suzuki
528.65,M&M
175.35,RBL Bank
9.82,CG Power 
245.10,Ujjivan Financi
154.50,Jindal Steel
82.75,ONGC
333.75,Tata Steel
364.60,Cadila Health
"2,943.35",Bajaj Auto
512.55,IOL Chemicals
40.50,Reliance Infra
"2,190.00",Divis Labs
"1,704.00",Asian Paints
389.10,Just Dial
949.35,Larsen
"1,413.95",Piramal Enter
"1,131.50",Muthoot Finance
3.30,Jaiprakash Asso
760.90,Infosys
105.20,Vedanta
"1,358.00",Kotak Mahindra
145.60,Hindalco
129.00,Sterlite Techno
"1,030.05",PVR
349.85,Bharat Forge
price,stock_name
55.60,Alok Industries
"1,351.00",Metropolis
"1,772.95",Reliance
"2,967.75",Bajaj Finance
220.35,Indiabulls Hsg
428.15,Axis Bank
4.75,Reliance Power
139.60,Future Retail
98.35,Motherson Sumi
573.85,Bharti Airtel
104.90,Tata Motors
10.07,Vodafone Idea
491.50,IndusInd Bank
"1,079.75",HDFC Bank
184.95,SBI
207.00,ITC
52.60,BTL
"2,181.00",TCS
577.90,HDFC Life
109.85,Phillips Carbon
"2,170.00",HUL
50.50,Tata Power
363.05,Adani Ports
"6,211.00",Bajaj Finserv
202.35,Cholamandalam
"2,722.75",Hero Motocorp
365.05,ICICI Bank
184.30,M&M Financial
341.10,Bandhan Bank
270.00,Petronet LNG
365.65,Bharat Dynamics
"1,885.25",HDFC
93.85,Bharat Elec
38.00,BHEL
"5,950.10",Maruti Suzuki
528.80,M&M
175.60,RBL Bank
83.00,ONGC
9.57,CG Power 
245.10,Ujjivan Financi
154.65,Jindal Steel
333.75,Tata Steel
364.30,Cadila Health
"2,943.00",Bajaj Auto
512.15,IOL Chemicals
40.50,Reliance Infra
"2,189.50",Divis Labs
"1,704.35",Asian Paints
389.10,Just Dial
950.00,Larsen
"1,413.60",Piramal Enter
"1,131.00",Muthoot Finance
3.30,Jaiprakash Asso
"1,358.85",Kotak Mahindra
760.50,Infosys
105.30,Vedanta
351.25,Bharat Forge
145.60,Hindalco
129.10,Sterlite Techno
"1,029.40",PVR
price,stock_name
55.60,Alok Industries
"1,351.00",Metropolis
"1,772.95",Reliance
"2,967.75",Bajaj Finance
220.35,Indiabulls Hsg
428.15,Axis Bank
4.75,Reliance Power
139.60,Future Retail
98.35,Motherson Sumi
573.85,Bharti Airtel
104.90,Tata Motors
10.07,Vodafone Idea
491.50,IndusInd Bank
"1,079.75",HDFC Bank
184.95,SBI
207.00,ITC
52.60,BTL
"2,181.00",TCS
577.90,HDFC Life
109.85,Phillips Carbon
"2,170.00",HUL
50.50,Tata Power
363.05,Adani Ports
"6,211.00",Bajaj Finserv
202.35,Cholamandalam
"2,722.75",Hero Motocorp
365.05,ICICI Bank
184.30,M&M Financial
341.10,Bandhan Bank
270.00,Petronet LNG
365.65,Bharat Dynamics
"1,885.25",HDFC
93.85,Bharat Elec
38.00,BHEL
"5,950.10",Maruti Suzuki
528.80,M&M
175.60,RBL Bank
83.00,ONGC
9.57,CG Power 
245.10,Ujjivan Financi
154.65,Jindal Steel
333.75,Tata Steel
364.30,Cadila Health
"2,943.00",Bajaj Auto
512.15,IOL Chemicals
40.50,Reliance Infra
"2,189.50",Divis Labs
"1,704.35",Asian Paints
389.10,Just Dial
950.00,Larsen
"1,413.60",Piramal Enter
"1,131.00",Muthoot Finance
3.30,Jaiprakash Asso
"1,358.85",Kotak Mahindra
760.50,Infosys
105.30,Vedanta
351.25,Bharat Forge
145.60,Hindalco
129.10,Sterlite Techno
"1,029.40",PVR
price,stock_name
55.60,Alok Industries
"1,351.00",Metropolis
"1,772.95",Reliance
"2,967.75",Bajaj Finance
220.35,Indiabulls Hsg
428.15,Axis Bank
4.75,Reliance Power
139.60,Future Retail
98.35,Motherson Sumi
573.85,Bharti Airtel
104.90,Tata Motors
10.07,Vodafone Idea
491.50,IndusInd Bank
"1,079.75",HDFC Bank
184.95,SBI
207.00,ITC
52.60,BTL
"2,181.00",TCS
577.90,HDFC Life
109.85,Phillips Carbon
"2,170.00",HUL
50.50,Tata Power
363.05,Adani Ports
"6,211.00",Bajaj Finserv
202.35,Cholamandalam
"2,722.75",Hero Motocorp
365.05,ICICI Bank
184.30,M&M Financial
341.10,Bandhan Bank
270.00,Petronet LNG
365.65,Bharat Dynamics
"1,885.25",HDFC
93.85,Bharat Elec
38.00,BHEL
"5,950.10",Maruti Suzuki
528.80,M&M
175.60,RBL Bank
83.00,ONGC
9.57,CG Power 
245.10,Ujjivan Financi
154.65,Jindal Steel
333.75,Tata Steel
364.30,Cadila Health
"2,943.00",Bajaj Auto
512.15,IOL Chemicals
40.50,Reliance Infra
"2,189.50",Divis Labs
"1,704.35",Asian Paints
389.10,Just Dial
950.00,Larsen
"1,413.60",Piramal Enter
"1,131.00",Muthoot Finance
3.30,Jaiprakash Asso
"1,358.85",Kotak Mahindra
760.50,Infosys
105.30,Vedanta
351.25,Bharat Forge
145.60,Hindalco
129.10,Sterlite Techno
"1,029.40",PVR
price,stock_name
55.60,Alok Industries
"1,351.00",Metropolis
"1,774.00",Reliance
"2,966.00",Bajaj Finance
219.90,Indiabulls Hsg
428.05,Axis Bank
4.75,Reliance Power
139.55,Future Retail
98.35,Motherson Sumi
573.60,Bharti Airtel
104.80,Tata Motors
10.06,Vodafone Idea
491.50,IndusInd Bank
"1,079.95",HDFC Bank
184.75,SBI
207.10,ITC
52.60,BTL
"2,181.00",TCS
577.90,HDFC Life
109.85,Phillips Carbon
"2,170.10",HUL
50.55,Tata Power
363.10,Adani Ports
"6,211.00",Bajaj Finserv
202.20,Cholamandalam
"2,722.75",Hero Motocorp
365.00,ICICI Bank
"1,886.05",HDFC
184.15,M&M Financial
270.45,Petronet LNG
365.90,Bharat Dynamics
341.10,Bandhan Bank
82.80,ONGC
93.80,Bharat Elec
38.00,BHEL
"5,949.05",Maruti Suzuki
529.65,M&M
175.60,RBL Bank
9.55,CG Power 
245.35,Ujjivan Financi
154.65,Jindal Steel
333.60,Tata Steel
364.65,Cadila Health
"2,944.15",Bajaj Auto
512.15,IOL Chemicals
40.50,Reliance Infra
"2,189.50",Divis Labs
"1,704.35",Asian Paints
389.10,Just Dial
950.70,Larsen
"1,130.85",Muthoot Finance
"1,412.65",Piramal Enter
3.30,Jaiprakash Asso
"1,358.85",Kotak Mahindra
105.25,Vedanta
760.85,Infosys
350.80,Bharat Forge
145.60,Hindalco
129.10,Sterlite Techno
"1,029.65",PVR
price,stock_name
55.60,Alok Industries
"1,351.00",Metropolis
"1,774.00",Reliance
"2,966.00",Bajaj Finance
219.90,Indiabulls Hsg
428.05,Axis Bank
4.75,Reliance Power
139.55,Future Retail
98.35,Motherson Sumi
573.60,Bharti Airtel
104.80,Tata Motors
10.06,Vodafone Idea
491.50,IndusInd Bank
"1,079.95",HDFC Bank
184.75,SBI
207.10,ITC
52.60,BTL
"2,181.00",TCS
577.90,HDFC Life
109.85,Phillips Carbon
"2,170.10",HUL
50.55,Tata Power
363.10,Adani Ports
"6,211.00",Bajaj Finserv
202.20,Cholamandalam
"2,722.75",Hero Motocorp
365.00,ICICI Bank
"1,886.05",HDFC
184.15,M&M Financial
270.45,Petronet LNG
365.90,Bharat Dynamics
341.10,Bandhan Bank
82.80,ONGC
93.80,Bharat Elec
38.00,BHEL
"5,949.05",Maruti Suzuki
529.65,M&M
175.60,RBL Bank
9.55,CG Power 
245.35,Ujjivan Financi
154.65,Jindal Steel
333.60,Tata Steel
364.65,Cadila Health
"2,944.15",Bajaj Auto
512.15,IOL Chemicals
40.50,Reliance Infra
"2,189.50",Divis Labs
"1,704.35",Asian Paints
389.10,Just Dial
950.70,Larsen
"1,130.85",Muthoot Finance
"1,412.65",Piramal Enter
3.30,Jaiprakash Asso
"1,358.85",Kotak Mahindra
105.25,Vedanta
760.85,Infosys
350.80,Bharat Forge
145.60,Hindalco
129.10,Sterlite Techno
"1,029.65",PVR
price,stock_name
55.60,Alok Industries
"1,351.00",Metropolis
"1,774.00",Reliance
"2,966.00",Bajaj Finance
219.90,Indiabulls Hsg
428.05,Axis Bank
4.75,Reliance Power
139.55,Future Retail
98.35,Motherson Sumi
573.60,Bharti Airtel
104.80,Tata Motors
10.06,Vodafone Idea
491.50,IndusInd Bank
"1,079.95",HDFC Bank
184.75,SBI
207.10,ITC
52.60,BTL
"2,181.00",TCS
577.90,HDFC Life
109.85,Phillips Carbon
"2,170.10",HUL
50.55,Tata Power
363.10,Adani Ports
"6,211.00",Bajaj Finserv
202.20,Cholamandalam
"2,722.75",Hero Motocorp
365.00,ICICI Bank
"1,886.05",HDFC
184.15,M&M Financial
270.45,Petronet LNG
365.90,Bharat Dynamics
341.10,Bandhan Bank
82.80,ONGC
93.80,Bharat Elec
38.00,BHEL
"5,949.05",Maruti Suzuki
529.65,M&M
175.60,RBL Bank
9.55,CG Power 
245.35,Ujjivan Financi
154.65,Jindal Steel
333.60,Tata Steel
364.65,Cadila Health
"2,944.15",Bajaj Auto
512.15,IOL Chemicals
40.50,Reliance Infra
"2,189.50",Divis Labs
"1,704.35",Asian Paints
389.10,Just Dial
950.70,Larsen
"1,130.85",Muthoot Finance
"1,412.65",Piramal Enter
3.30,Jaiprakash Asso
"1,358.85",Kotak Mahindra
105.25,Vedanta
760.85,Infosys
350.80,Bharat Forge
145.60,Hindalco
129.10,Sterlite Techno
"1,029.65",PVR
price,stock_name
55.60,Alok Industries
"1,351.00",Metropolis
"1,774.00",Reliance
"2,966.00",Bajaj Finance
219.90,Indiabulls Hsg
428.05,Axis Bank
4.75,Reliance Power
139.55,Future Retail
98.35,Motherson Sumi
573.60,Bharti Airtel
104.80,Tata Motors
10.06,Vodafone Idea
491.50,IndusInd Bank
"1,079.95",HDFC Bank
184.75,SBI
207.10,ITC
52.60,BTL
"2,181.00",TCS
577.90,HDFC Life
109.85,Phillips Carbon
"2,170.10",HUL
50.55,Tata Power
363.10,Adani Ports
"6,211.00",Bajaj Finserv
202.20,Cholamandalam
"2,722.75",Hero Motocorp
365.00,ICICI Bank
"1,886.05",HDFC
184.15,M&M Financial
270.45,Petronet LNG
365.90,Bharat Dynamics
341.10,Bandhan Bank
82.80,ONGC
93.80,Bharat Elec
38.00,BHEL
"5,949.05",Maruti Suzuki
529.65,M&M
175.60,RBL Bank
9.55,CG Power 
245.35,Ujjivan Financi
154.65,Jindal Steel
333.60,Tata Steel
364.65,Cadila Health
"2,944.15",Bajaj Auto
512.15,IOL Chemicals
40.50,Reliance Infra
"2,189.50",Divis Labs
"1,704.35",Asian Paints
389.10,Just Dial
950.70,Larsen
"1,130.85",Muthoot Finance
"1,412.65",Piramal Enter
3.30,Jaiprakash Asso
"1,358.85",Kotak Mahindra
105.25,Vedanta
760.85,Infosys
350.80,Bharat Forge
145.60,Hindalco
129.10,Sterlite Techno
"1,029.65",PVR
price,stock_name
55.60,Alok Industries
"1,351.00",Metropolis
"1,773.35",Reliance
"2,967.00",Bajaj Finance
219.80,Indiabulls Hsg
427.85,Axis Bank
4.75,Reliance Power
140.00,Future Retail
98.40,Motherson Sumi
573.30,Bharti Airtel
104.85,Tata Motors
10.08,Vodafone Idea
491.05,IndusInd Bank
"1,078.20",HDFC Bank
184.80,SBI
206.90,ITC
52.60,BTL
"2,180.20",TCS
578.65,HDFC Life
109.60,Phillips Carbon
"2,171.20",HUL
50.45,Tata Power
"6,211.00",Bajaj Finserv
363.50,Adani Ports
202.15,Cholamandalam
"2,722.20",Hero Motocorp
364.90,ICICI Bank
"1,884.05",HDFC
184.10,M&M Financial
340.95,Bandhan Bank
270.10,Petronet LNG
365.50,Bharat Dynamics
82.80,ONGC
93.75,Bharat Elec
37.90,BHEL
"5,950.00",Maruti Suzuki
529.40,M&M
175.25,RBL Bank
9.87,CG Power 
245.35,Ujjivan Financi
154.55,Jindal Steel
333.60,Tata Steel
364.75,Cadila Health
"2,943.25",Bajaj Auto
512.15,IOL Chemicals
40.50,Reliance Infra
"2,188.30",Divis Labs
"1,704.70",Asian Paints
390.00,Just Dial
949.70,Larsen
"1,130.20",Muthoot Finance
"1,412.50",Piramal Enter
3.30,Jaiprakash Asso
"1,358.00",Kotak Mahindra
105.40,Vedanta
761.10,Infosys
"1,027.50",PVR
350.45,Bharat Forge
145.55,Hindalco
129.10,Sterlite Techno
price,stock_name
55.60,Alok Industries
"1,351.00",Metropolis
"1,773.35",Reliance
"2,967.00",Bajaj Finance
219.80,Indiabulls Hsg
427.85,Axis Bank
4.75,Reliance Power
140.00,Future Retail
98.40,Motherson Sumi
573.30,Bharti Airtel
104.85,Tata Motors
10.08,Vodafone Idea
491.05,IndusInd Bank
"1,078.20",HDFC Bank
184.80,SBI
206.90,ITC
52.60,BTL
"2,180.20",TCS
578.65,HDFC Life
109.60,Phillips Carbon
"2,171.20",HUL
50.45,Tata Power
"6,211.00",Bajaj Finserv
363.50,Adani Ports
202.15,Cholamandalam
"2,722.20",Hero Motocorp
364.90,ICICI Bank
"1,884.05",HDFC
184.10,M&M Financial
340.95,Bandhan Bank
270.10,Petronet LNG
365.50,Bharat Dynamics
82.80,ONGC
93.75,Bharat Elec
37.90,BHEL
"5,950.00",Maruti Suzuki
529.40,M&M
175.25,RBL Bank
9.87,CG Power 
245.35,Ujjivan Financi
154.55,Jindal Steel
333.60,Tata Steel
364.75,Cadila Health
"2,943.25",Bajaj Auto
512.15,IOL Chemicals
40.50,Reliance Infra
"2,188.30",Divis Labs
"1,704.70",Asian Paints
390.00,Just Dial
949.70,Larsen
"1,130.20",Muthoot Finance
"1,412.50",Piramal Enter
3.30,Jaiprakash Asso
"1,358.00",Kotak Mahindra
105.40,Vedanta
761.10,Infosys
"1,027.50",PVR
350.45,Bharat Forge
145.55,Hindalco
129.10,Sterlite Techno
price,stock_name
55.60,Alok Industries
"1,351.00",Metropolis
"1,773.40",Reliance
"2,965.00",Bajaj Finance
219.45,Indiabulls Hsg
427.95,Axis Bank
4.75,Reliance Power
141.05,Future Retail
98.30,Motherson Sumi
573.30,Bharti Airtel
104.70,Tata Motors
10.08,Vodafone Idea
490.75,IndusInd Bank
"1,078.80",HDFC Bank
207.00,ITC
184.65,SBI
52.60,BTL
"2,181.15",TCS
578.50,HDFC Life
109.65,Phillips Carbon
"2,170.60",HUL
50.45,Tata Power
"6,201.10",Bajaj Finserv
363.50,Adani Ports
"2,723.65",Hero Motocorp
202.10,Cholamandalam
364.85,ICICI Bank
"1,882.75",HDFC
184.25,M&M Financial
340.75,Bandhan Bank
270.10,Petronet LNG
365.20,Bharat Dynamics
82.75,ONGC
93.85,Bharat Elec
37.95,BHEL
"5,950.50",Maruti Suzuki
529.30,M&M
175.25,RBL Bank
9.95,CG Power 
244.85,Ujjivan Financi
154.55,Jindal Steel
333.70,Tata Steel
364.70,Cadila Health
"2,943.25",Bajaj Auto
513.70,IOL Chemicals
40.50,Reliance Infra
"2,188.45",Divis Labs
390.50,Just Dial
"1,703.60",Asian Paints
950.20,Larsen
"1,130.00",Muthoot Finance
"1,412.50",Piramal Enter
3.30,Jaiprakash Asso
"1,358.00",Kotak Mahindra
105.60,Vedanta
761.00,Infosys
351.35,Bharat Forge
"1,029.55",PVR
145.55,Hindalco
129.05,Sterlite Techno
price,stock_name
55.60,Alok Industries
"1,351.00",Metropolis
"1,773.40",Reliance
"2,965.00",Bajaj Finance
219.45,Indiabulls Hsg
427.95,Axis Bank
4.75,Reliance Power
141.05,Future Retail
98.30,Motherson Sumi
573.30,Bharti Airtel
104.70,Tata Motors
10.08,Vodafone Idea
490.75,IndusInd Bank
"1,078.80",HDFC Bank
207.00,ITC
184.65,SBI
52.60,BTL
"2,181.15",TCS
578.50,HDFC Life
109.65,Phillips Carbon
"2,170.60",HUL
50.45,Tata Power
"6,201.10",Bajaj Finserv
363.50,Adani Ports
"2,723.65",Hero Motocorp
202.10,Cholamandalam
364.85,ICICI Bank
"1,882.75",HDFC
184.25,M&M Financial
340.75,Bandhan Bank
270.10,Petronet LNG
365.20,Bharat Dynamics
82.75,ONGC
93.85,Bharat Elec
37.95,BHEL
"5,950.50",Maruti Suzuki
529.30,M&M
175.25,RBL Bank
9.95,CG Power 
244.85,Ujjivan Financi
154.55,Jindal Steel
333.70,Tata Steel
364.70,Cadila Health
"2,943.25",Bajaj Auto
513.70,IOL Chemicals
40.50,Reliance Infra
"2,188.45",Divis Labs
390.50,Just Dial
"1,703.60",Asian Paints
950.20,Larsen
"1,130.00",Muthoot Finance
"1,412.50",Piramal Enter
3.30,Jaiprakash Asso
"1,358.00",Kotak Mahindra
105.60,Vedanta
761.00,Infosys
351.35,Bharat Forge
"1,029.55",PVR
145.55,Hindalco
129.05,Sterlite Techno
price,stock_name
55.60,Alok Industries
"1,351.00",Metropolis
"1,773.40",Reliance
"2,965.00",Bajaj Finance
219.45,Indiabulls Hsg
427.95,Axis Bank
4.75,Reliance Power
141.05,Future Retail
98.30,Motherson Sumi
573.30,Bharti Airtel
104.70,Tata Motors
10.08,Vodafone Idea
490.75,IndusInd Bank
"1,078.80",HDFC Bank
207.00,ITC
184.65,SBI
52.60,BTL
"2,181.15",TCS
578.50,HDFC Life
109.65,Phillips Carbon
"2,170.60",HUL
50.45,Tata Power
"6,201.10",Bajaj Finserv
363.50,Adani Ports
"2,723.65",Hero Motocorp
202.10,Cholamandalam
364.85,ICICI Bank
"1,882.75",HDFC
184.25,M&M Financial
340.75,Bandhan Bank
270.10,Petronet LNG
365.20,Bharat Dynamics
82.75,ONGC
93.85,Bharat Elec
37.95,BHEL
"5,950.50",Maruti Suzuki
529.30,M&M
175.25,RBL Bank
9.95,CG Power 
244.85,Ujjivan Financi
154.55,Jindal Steel
333.70,Tata Steel
364.70,Cadila Health
"2,943.25",Bajaj Auto
513.70,IOL Chemicals
40.50,Reliance Infra
"2,188.45",Divis Labs
390.50,Just Dial
"1,703.60",Asian Paints
950.20,Larsen
"1,130.00",Muthoot Finance
"1,412.50",Piramal Enter
3.30,Jaiprakash Asso
"1,358.00",Kotak Mahindra
105.60,Vedanta
761.00,Infosys
351.35,Bharat Forge
"1,029.55",PVR
145.55,Hindalco
129.05,Sterlite Techno
price,stock_name
55.60,Alok Industries
"1,351.00",Metropolis
"1,773.40",Reliance
"2,965.00",Bajaj Finance
219.45,Indiabulls Hsg
427.95,Axis Bank
4.75,Reliance Power
141.05,Future Retail
98.30,Motherson Sumi
573.30,Bharti Airtel
104.70,Tata Motors
10.08,Vodafone Idea
490.75,IndusInd Bank
"1,078.80",HDFC Bank
207.00,ITC
184.65,SBI
52.60,BTL
"2,181.15",TCS
578.50,HDFC Life
109.65,Phillips Carbon
"2,170.60",HUL
50.45,Tata Power
"6,201.10",Bajaj Finserv
363.50,Adani Ports
"2,723.65",Hero Motocorp
202.10,Cholamandalam
364.85,ICICI Bank
"1,882.75",HDFC
184.25,M&M Financial
340.75,Bandhan Bank
270.10,Petronet LNG
365.20,Bharat Dynamics
82.75,ONGC
93.85,Bharat Elec
37.95,BHEL
"5,950.50",Maruti Suzuki
529.30,M&M
175.25,RBL Bank
9.95,CG Power 
244.85,Ujjivan Financi
154.55,Jindal Steel
333.70,Tata Steel
364.70,Cadila Health
"2,943.25",Bajaj Auto
513.70,IOL Chemicals
40.50,Reliance Infra
"2,188.45",Divis Labs
390.50,Just Dial
"1,703.60",Asian Paints
950.20,Larsen
"1,130.00",Muthoot Finance
"1,412.50",Piramal Enter
3.30,Jaiprakash Asso
"1,358.00",Kotak Mahindra
105.60,Vedanta
761.00,Infosys
351.35,Bharat Forge
"1,029.55",PVR
145.55,Hindalco
129.05,Sterlite Techno
price,stock_name
55.60,Alok Industries
"1,351.00",Metropolis
"1,773.80",Reliance
"2,964.65",Bajaj Finance
219.35,Indiabulls Hsg
427.70,Axis Bank
4.75,Reliance Power
140.85,Future Retail
98.30,Motherson Sumi
573.40,Bharti Airtel
104.70,Tata Motors
10.07,Vodafone Idea
491.40,IndusInd Bank
"1,078.00",HDFC Bank
206.90,ITC
184.60,SBI
52.60,BTL
"2,181.00",TCS
577.55,HDFC Life
109.30,Phillips Carbon
"2,170.60",HUL
50.40,Tata Power
"6,205.30",Bajaj Finserv
363.80,Adani Ports
202.30,Cholamandalam
"2,722.55",Hero Motocorp
364.70,ICICI Bank
"1,883.00",HDFC
184.15,M&M Financial
340.15,Bandhan Bank
364.90,Bharat Dynamics
270.15,Petronet LNG
82.70,ONGC
93.85,Bharat Elec
37.95,BHEL
"5,950.50",Maruti Suzuki
529.00,M&M
175.20,RBL Bank
9.92,CG Power 
244.90,Ujjivan Financi
154.55,Jindal Steel
333.60,Tata Steel
364.65,Cadila Health
"2,947.00",Bajaj Auto
513.20,IOL Chemicals
40.50,Reliance Infra
"2,188.50",Divis Labs
"1,704.00",Asian Paints
390.50,Just Dial
950.20,Larsen
"1,129.80",Muthoot Finance
"1,410.80",Piramal Enter
3.30,Jaiprakash Asso
"1,358.00",Kotak Mahindra
105.55,Vedanta
761.10,Infosys
351.00,Bharat Forge
145.55,Hindalco
"1,028.10",PVR
128.95,Sterlite Techno
price,stock_name
55.60,Alok Industries
"1,351.00",Metropolis
"1,773.80",Reliance
"2,964.65",Bajaj Finance
219.35,Indiabulls Hsg
427.70,Axis Bank
4.75,Reliance Power
140.85,Future Retail
98.30,Motherson Sumi
573.40,Bharti Airtel
104.70,Tata Motors
10.07,Vodafone Idea
491.40,IndusInd Bank
"1,078.00",HDFC Bank
206.90,ITC
184.60,SBI
52.60,BTL
"2,181.00",TCS
577.55,HDFC Life
109.30,Phillips Carbon
"2,170.60",HUL
50.40,Tata Power
"6,205.30",Bajaj Finserv
363.80,Adani Ports
202.30,Cholamandalam
"2,722.55",Hero Motocorp
364.70,ICICI Bank
"1,883.00",HDFC
184.15,M&M Financial
340.15,Bandhan Bank
364.90,Bharat Dynamics
270.15,Petronet LNG
82.70,ONGC
93.85,Bharat Elec
37.95,BHEL
"5,950.50",Maruti Suzuki
529.00,M&M
175.20,RBL Bank
9.92,CG Power 
244.90,Ujjivan Financi
154.55,Jindal Steel
333.60,Tata Steel
364.65,Cadila Health
"2,947.00",Bajaj Auto
513.20,IOL Chemicals
40.50,Reliance Infra
"2,188.50",Divis Labs
"1,704.00",Asian Paints
390.50,Just Dial
950.20,Larsen
"1,129.80",Muthoot Finance
"1,410.80",Piramal Enter
3.30,Jaiprakash Asso
"1,358.00",Kotak Mahindra
105.55,Vedanta
761.10,Infosys
351.00,Bharat Forge
145.55,Hindalco
"1,028.10",PVR
128.95,Sterlite Techno
price,stock_name
55.60,Alok Industries
"1,351.00",Metropolis
"1,773.80",Reliance
"2,964.65",Bajaj Finance
219.35,Indiabulls Hsg
427.70,Axis Bank
4.75,Reliance Power
140.85,Future Retail
98.30,Motherson Sumi
573.40,Bharti Airtel
104.70,Tata Motors
10.07,Vodafone Idea
491.40,IndusInd Bank
"1,078.00",HDFC Bank
206.90,ITC
184.60,SBI
52.60,BTL
"2,181.00",TCS
577.55,HDFC Life
109.30,Phillips Carbon
"2,170.60",HUL
50.40,Tata Power
"6,205.30",Bajaj Finserv
363.80,Adani Ports
202.30,Cholamandalam
"2,722.55",Hero Motocorp
364.70,ICICI Bank
"1,883.00",HDFC
184.15,M&M Financial
340.15,Bandhan Bank
364.90,Bharat Dynamics
270.15,Petronet LNG
82.70,ONGC
93.85,Bharat Elec
37.95,BHEL
"5,950.50",Maruti Suzuki
529.00,M&M
175.20,RBL Bank
9.92,CG Power 
244.90,Ujjivan Financi
154.55,Jindal Steel
333.60,Tata Steel
364.65,Cadila Health
"2,947.00",Bajaj Auto
513.20,IOL Chemicals
40.50,Reliance Infra
"2,188.50",Divis Labs
"1,704.00",Asian Paints
390.50,Just Dial
950.20,Larsen
"1,129.80",Muthoot Finance
"1,410.80",Piramal Enter
3.30,Jaiprakash Asso
"1,358.00",Kotak Mahindra
105.55,Vedanta
761.10,Infosys
351.00,Bharat Forge
145.55,Hindalco
"1,028.10",PVR
128.95,Sterlite Techno
price,stock_name
55.60,Alok Industries
"1,351.00",Metropolis
"1,772.65",Reliance
"2,962.05",Bajaj Finance
219.55,Indiabulls Hsg
427.55,Axis Bank
4.75,Reliance Power
140.45,Future Retail
98.45,Motherson Sumi
573.00,Bharti Airtel
104.70,Tata Motors
10.07,Vodafone Idea
491.30,IndusInd Bank
"1,078.15",HDFC Bank
206.90,ITC
184.65,SBI
52.60,BTL
"2,182.00",TCS
578.00,HDFC Life
109.20,Phillips Carbon
"2,169.00",HUL
50.50,Tata Power
"6,199.00",Bajaj Finserv
363.90,Adani Ports
201.95,Cholamandalam
"2,722.00",Hero Motocorp
364.70,ICICI Bank
"1,883.10",HDFC
184.30,M&M Financial
340.15,Bandhan Bank
270.15,Petronet LNG
364.50,Bharat Dynamics
82.70,ONGC
93.90,Bharat Elec
37.90,BHEL
"5,950.50",Maruti Suzuki
529.05,M&M
175.20,RBL Bank
9.92,CG Power 
245.00,Ujjivan Financi
154.55,Jindal Steel
333.05,Tata Steel
364.35,Cadila Health
"2,945.70",Bajaj Auto
40.50,Reliance Infra
512.95,IOL Chemicals
"2,188.70",Divis Labs
"1,704.10",Asian Paints
390.50,Just Dial
950.45,Larsen
"1,129.00",Muthoot Finance
"1,410.00",Piramal Enter
3.30,Jaiprakash Asso
105.30,Vedanta
"1,358.00",Kotak Mahindra
761.10,Infosys
351.00,Bharat Forge
145.60,Hindalco
"1,029.55",PVR
128.80,Sterlite Techno
price,stock_name
55.60,Alok Industries
"1,351.00",Metropolis
"1,772.70",Reliance
"2,964.55",Bajaj Finance
219.90,Indiabulls Hsg
428.00,Axis Bank
4.75,Reliance Power
140.95,Future Retail
98.35,Motherson Sumi
573.15,Bharti Airtel
104.80,Tata Motors
10.08,Vodafone Idea
491.75,IndusInd Bank
"1,078.55",HDFC Bank
206.90,ITC
184.70,SBI
52.60,BTL
"2,183.25",TCS
578.95,HDFC Life
109.35,Phillips Carbon
"2,169.20",HUL
50.40,Tata Power
"6,199.35",Bajaj Finserv
363.90,Adani Ports
201.95,Cholamandalam
"2,723.00",Hero Motocorp
364.50,ICICI Bank
"1,883.65",HDFC
184.20,M&M Financial
270.20,Petronet LNG
340.25,Bandhan Bank
363.05,Bharat Dynamics
82.75,ONGC
93.85,Bharat Elec
37.90,BHEL
"5,955.00",Maruti Suzuki
529.25,M&M
175.10,RBL Bank
9.99,CG Power 
245.20,Ujjivan Financi
154.55,Jindal Steel
333.00,Tata Steel
364.05,Cadila Health
"2,945.70",Bajaj Auto
40.50,Reliance Infra
512.15,IOL Chemicals
"2,188.70",Divis Labs
"1,705.00",Asian Paints
390.50,Just Dial
951.60,Larsen
"1,128.75",Muthoot Finance
"1,410.00",Piramal Enter
3.30,Jaiprakash Asso
105.40,Vedanta
"1,358.00",Kotak Mahindra
761.10,Infosys
351.80,Bharat Forge
145.50,Hindalco
"1,029.55",PVR
129.00,Sterlite Techno
price,stock_name
55.60,Alok Industries
"1,351.00",Metropolis
"1,772.65",Reliance
"2,962.05",Bajaj Finance
219.55,Indiabulls Hsg
427.55,Axis Bank
4.75,Reliance Power
140.45,Future Retail
98.45,Motherson Sumi
573.00,Bharti Airtel
104.70,Tata Motors
10.07,Vodafone Idea
491.30,IndusInd Bank
"1,078.15",HDFC Bank
206.90,ITC
184.65,SBI
52.60,BTL
"2,182.00",TCS
578.00,HDFC Life
109.20,Phillips Carbon
"2,169.00",HUL
50.50,Tata Power
"6,199.00",Bajaj Finserv
363.90,Adani Ports
201.95,Cholamandalam
"2,722.00",Hero Motocorp
364.70,ICICI Bank
"1,883.10",HDFC
184.30,M&M Financial
340.15,Bandhan Bank
270.15,Petronet LNG
364.50,Bharat Dynamics
82.70,ONGC
93.90,Bharat Elec
37.90,BHEL
"5,950.50",Maruti Suzuki
529.05,M&M
175.20,RBL Bank
9.92,CG Power 
245.00,Ujjivan Financi
154.55,Jindal Steel
333.05,Tata Steel
364.35,Cadila Health
"2,945.70",Bajaj Auto
40.50,Reliance Infra
512.95,IOL Chemicals
"2,188.70",Divis Labs
"1,704.10",Asian Paints
390.50,Just Dial
950.45,Larsen
"1,129.00",Muthoot Finance
"1,410.00",Piramal Enter
3.30,Jaiprakash Asso
105.30,Vedanta
"1,358.00",Kotak Mahindra
761.10,Infosys
351.00,Bharat Forge
145.60,Hindalco
"1,029.55",PVR
128.80,Sterlite Techno
price,stock_name
55.60,Alok Industries
"1,351.00",Metropolis
"1,773.45",Reliance
"2,965.00",Bajaj Finance
219.90,Indiabulls Hsg
427.80,Axis Bank
4.75,Reliance Power
140.95,Future Retail
98.45,Motherson Sumi
573.20,Bharti Airtel
104.80,Tata Motors
10.08,Vodafone Idea
491.15,IndusInd Bank
"1,079.15",HDFC Bank
207.00,ITC
184.70,SBI
52.60,BTL
579.75,HDFC Life
"2,182.75",TCS
109.35,Phillips Carbon
"2,168.45",HUL
50.40,Tata Power
364.00,Adani Ports
201.95,Cholamandalam
"6,199.35",Bajaj Finserv
"2,723.25",Hero Motocorp
364.85,ICICI Bank
"1,883.70",HDFC
184.25,M&M Financial
270.20,Petronet LNG
340.25,Bandhan Bank
364.05,Bharat Dynamics
82.75,ONGC
93.80,Bharat Elec
37.85,BHEL
"5,953.05",Maruti Suzuki
528.95,M&M
175.10,RBL Bank
9.93,CG Power 
245.20,Ujjivan Financi
154.55,Jindal Steel
364.25,Cadila Health
333.05,Tata Steel
"2,945.00",Bajaj Auto
40.50,Reliance Infra
512.00,IOL Chemicals
"2,188.70",Divis Labs
"1,704.30",Asian Paints
391.00,Just Dial
951.60,Larsen
"1,129.35",Muthoot Finance
"1,410.00",Piramal Enter
105.55,Vedanta
3.30,Jaiprakash Asso
"1,358.00",Kotak Mahindra
761.00,Infosys
351.50,Bharat Forge
145.70,Hindalco
"1,028.45",PVR
129.00,Sterlite Techno
431.70,Glenmark
price,stock_name
55.60,Alok Industries
"1,351.00",Metropolis
"1,773.45",Reliance
"2,965.00",Bajaj Finance
219.90,Indiabulls Hsg
427.80,Axis Bank
4.75,Reliance Power
140.95,Future Retail
98.45,Motherson Sumi
573.20,Bharti Airtel
104.80,Tata Motors
10.08,Vodafone Idea
491.15,IndusInd Bank
"1,079.15",HDFC Bank
207.00,ITC
184.70,SBI
52.60,BTL
579.75,HDFC Life
"2,182.75",TCS
109.35,Phillips Carbon
"2,168.45",HUL
50.40,Tata Power
364.00,Adani Ports
201.95,Cholamandalam
"6,199.35",Bajaj Finserv
"2,723.25",Hero Motocorp
364.85,ICICI Bank
"1,883.70",HDFC
184.25,M&M Financial
270.20,Petronet LNG
340.25,Bandhan Bank
364.05,Bharat Dynamics
82.75,ONGC
93.80,Bharat Elec
37.85,BHEL
"5,953.05",Maruti Suzuki
528.95,M&M
175.10,RBL Bank
9.93,CG Power 
245.20,Ujjivan Financi
154.55,Jindal Steel
364.25,Cadila Health
333.05,Tata Steel
"2,945.00",Bajaj Auto
40.50,Reliance Infra
512.00,IOL Chemicals
"2,188.70",Divis Labs
"1,704.30",Asian Paints
391.00,Just Dial
951.60,Larsen
"1,129.35",Muthoot Finance
"1,410.00",Piramal Enter
105.55,Vedanta
3.30,Jaiprakash Asso
"1,358.00",Kotak Mahindra
761.00,Infosys
351.50,Bharat Forge
145.70,Hindalco
"1,028.45",PVR
129.00,Sterlite Techno
431.70,Glenmark
price,stock_name
55.60,Alok Industries
"1,351.00",Metropolis
"1,773.45",Reliance
"2,965.00",Bajaj Finance
219.90,Indiabulls Hsg
427.80,Axis Bank
4.75,Reliance Power
140.95,Future Retail
98.45,Motherson Sumi
573.20,Bharti Airtel
104.80,Tata Motors
10.08,Vodafone Idea
491.15,IndusInd Bank
"1,079.15",HDFC Bank
207.00,ITC
184.70,SBI
52.60,BTL
579.75,HDFC Life
"2,182.75",TCS
109.35,Phillips Carbon
"2,168.45",HUL
50.40,Tata Power
364.00,Adani Ports
201.95,Cholamandalam
"6,199.35",Bajaj Finserv
"2,723.25",Hero Motocorp
364.85,ICICI Bank
"1,883.70",HDFC
184.25,M&M Financial
270.20,Petronet LNG
340.25,Bandhan Bank
364.05,Bharat Dynamics
82.75,ONGC
93.80,Bharat Elec
37.85,BHEL
"5,953.05",Maruti Suzuki
528.95,M&M
175.10,RBL Bank
9.93,CG Power 
245.20,Ujjivan Financi
154.55,Jindal Steel
364.25,Cadila Health
333.05,Tata Steel
"2,945.00",Bajaj Auto
40.50,Reliance Infra
512.00,IOL Chemicals
"2,188.70",Divis Labs
"1,704.30",Asian Paints
391.00,Just Dial
951.60,Larsen
"1,129.35",Muthoot Finance
"1,410.00",Piramal Enter
105.55,Vedanta
3.30,Jaiprakash Asso
"1,358.00",Kotak Mahindra
761.00,Infosys
351.50,Bharat Forge
145.70,Hindalco
"1,028.45",PVR
129.00,Sterlite Techno
431.70,Glenmark
price,stock_name
55.60,Alok Industries
"1,784.40",Reliance
"1,353.45",Metropolis
"2,944.05",Bajaj Finance
425.55,Axis Bank
217.35,Indiabulls Hsg
573.75,Bharti Airtel
97.55,Motherson Sumi
136.45,Future Retail
"1,071.55",HDFC Bank
575.15,HDFC Life
4.75,Reliance Power
10.02,Vodafone Idea
103.60,Tata Motors
206.80,ITC
485.70,IndusInd Bank
183.70,SBI
"6,150.00",Bajaj Finserv
"2,188.00",TCS
196.40,Cholamandalam
330.70,Tata Steel
"1,873.40",HDFC
96.35,Bharat Elec
50.25,Tata Power
1.94,Reliance Comm
"2,170.85",HUL
360.25,ICICI Bank
108.80,Phillips Carbon
52.60,BTL
82.05,ONGC
171.25,RBL Bank
"5,905.00",Maruti Suzuki
359.15,Adani Ports
182.30,M&M Financial
"2,708.70",Hero Motocorp
37.35,BHEL
337.15,Bandhan Bank
350.45,Bharat Forge
366.55,Bharat Dynamics
516.75,IOL Chemicals
"16,692.60",Nestle
525.15,M&M
10.04,CG Power 
270.80,Petronet LNG
5.90,Suzlon Energy
238.85,Ujjivan Financi
"2,285.00",Avenue Supermar
154.00,Jindal Steel
364.80,Cadila Health
"2,907.00",Bajaj Auto
"1,692.75",Asian Paints
"1,288.70",Bata India
"1,023.25",PVR
"1,356.00",Kotak Mahindra
945.95,Larsen
"2,188.80",Divis Labs
145.75,Hindalco
"1,007.35",Interglobe Avi
106.05,Vedanta
384.00,Just Dial
756.10,Infosys
40.50,Reliance Infra
637.30,Cipla
"1,398.45",Piramal Enter
994.10,Titan Company
"3,915.65",Dr Reddys Labs
"1,127.30",Muthoot Finance
"18,737.70",Eicher Motors
433.15,Glenmark
669.80,SBI Cards
87.55,IOC
127.55,Sterlite Techno
223.20,Wipro
31.05,SAIL
435.35,ICICI Prudentia
159.10,Adani Enterpris
3.30,Jaiprakash Asso
273.20,LIC Housing Fin
"2,541.25",HDFC AMC
395.80,TATA Cons. Prod
836.00,Hindustan Aeron
839.90,SBI Life Insura
8.29,Dish TV
"1,041.85",Escorts
160.35,Manappuram Fin
3.41,Reliance Naval 
price,stock_name
55.60,Alok Industries
"1,785.20",Reliance
"1,353.45",Metropolis
"2,949.00",Bajaj Finance
426.15,Axis Bank
218.00,Indiabulls Hsg
574.25,Bharti Airtel
97.65,Motherson Sumi
136.85,Future Retail
"1,072.00",HDFC Bank
574.80,HDFC Life
9.98,Vodafone Idea
4.75,Reliance Power
103.70,Tata Motors
206.90,ITC
486.75,IndusInd Bank
183.90,SBI
"6,152.20",Bajaj Finserv
"2,187.00",TCS
196.80,Cholamandalam
330.85,Tata Steel
"1,873.15",HDFC
96.40,Bharat Elec
50.25,Tata Power
"2,171.95",HUL
1.94,Reliance Comm
360.45,ICICI Bank
108.55,Phillips Carbon
52.60,BTL
82.15,ONGC
171.55,RBL Bank
"5,907.00",Maruti Suzuki
358.85,Adani Ports
182.65,M&M Financial
"2,708.80",Hero Motocorp
37.40,BHEL
337.65,Bandhan Bank
350.40,Bharat Forge
366.10,Bharat Dynamics
516.65,IOL Chemicals
5.90,Suzlon Energy
"16,692.60",Nestle
525.05,M&M
10.04,CG Power 
271.00,Petronet LNG
239.65,Ujjivan Financi
"2,286.50",Avenue Supermar
153.80,Jindal Steel
365.00,Cadila Health
"2,907.00",Bajaj Auto
"1,692.50",Asian Paints
"1,289.55",Bata India
"1,023.05",PVR
"1,355.95",Kotak Mahindra
946.50,Larsen
"2,189.10",Divis Labs
145.70,Hindalco
"1,008.40",Interglobe Avi
106.05,Vedanta
384.00,Just Dial
756.00,Infosys
40.50,Reliance Infra
637.15,Cipla
"1,398.45",Piramal Enter
994.00,Titan Company
"3,915.45",Dr Reddys Labs
"1,127.30",Muthoot Finance
"18,737.70",Eicher Motors
433.00,Glenmark
669.65,SBI Cards
87.55,IOC
127.60,Sterlite Techno
223.10,Wipro
31.00,SAIL
159.35,Adani Enterpris
435.55,ICICI Prudentia
3.30,Jaiprakash Asso
"2,542.00",HDFC AMC
273.20,LIC Housing Fin
395.40,TATA Cons. Prod
836.00,Hindustan Aeron
840.95,SBI Life Insura
8.29,Dish TV
"1,043.40",Escorts
160.35,Manappuram Fin
3.41,Reliance Naval 
477.40,Sun Pharma
price,stock_name
55.60,Alok Industries
"1,788.15",Reliance
"1,353.45",Metropolis
"2,950.00",Bajaj Finance
426.30,Axis Bank
218.75,Indiabulls Hsg
574.45,Bharti Airtel
97.80,Motherson Sumi
136.85,Future Retail
"1,073.15",HDFC Bank
10.03,Vodafone Idea
574.75,HDFC Life
4.75,Reliance Power
103.75,Tata Motors
206.75,ITC
486.60,IndusInd Bank
184.05,SBI
"6,159.65",Bajaj Finserv
"2,188.75",TCS
197.30,Cholamandalam
330.70,Tata Steel
"1,874.80",HDFC
96.50,Bharat Elec
50.25,Tata Power
"2,172.00",HUL
1.94,Reliance Comm
361.10,ICICI Bank
108.90,Phillips Carbon
52.60,BTL
82.35,ONGC
171.50,RBL Bank
"5,911.00",Maruti Suzuki
183.45,M&M Financial
359.00,Adani Ports
"2,709.80",Hero Motocorp
37.40,BHEL
338.00,Bandhan Bank
350.95,Bharat Forge
367.30,Bharat Dynamics
517.80,IOL Chemicals
5.90,Suzlon Energy
"16,700.00",Nestle
525.25,M&M
10.04,CG Power 
271.25,Petronet LNG
239.85,Ujjivan Financi
"2,286.30",Avenue Supermar
153.90,Jindal Steel
364.60,Cadila Health
"2,902.00",Bajaj Auto
"1,692.00",Asian Paints
"1,290.00",Bata India
"1,024.60",PVR
"1,356.75",Kotak Mahindra
946.15,Larsen
"2,191.00",Divis Labs
106.10,Vedanta
145.60,Hindalco
"1,007.30",Interglobe Avi
384.15,Just Dial
755.40,Infosys
40.50,Reliance Infra
637.55,Cipla
"1,400.20",Piramal Enter
994.50,Titan Company
"3,916.30",Dr Reddys Labs
"1,128.00",Muthoot Finance
"18,737.70",Eicher Motors
433.00,Glenmark
669.50,SBI Cards
"2,535.00",HDFC AMC
87.50,IOC
127.75,Sterlite Techno
223.00,Wipro
31.05,SAIL
435.80,ICICI Prudentia
159.35,Adani Enterpris
3.30,Jaiprakash Asso
273.55,LIC Housing Fin
395.65,TATA Cons. Prod
836.00,Hindustan Aeron
841.00,SBI Life Insura
477.65,Sun Pharma
8.29,Dish TV
"1,042.90",Escorts
160.45,Manappuram Fin
3.41,Reliance Naval 
price,stock_name
55.60,Alok Industries
"1,788.15",Reliance
"1,353.45",Metropolis
"2,950.00",Bajaj Finance
426.30,Axis Bank
218.75,Indiabulls Hsg
574.45,Bharti Airtel
97.80,Motherson Sumi
136.85,Future Retail
"1,073.15",HDFC Bank
10.03,Vodafone Idea
574.75,HDFC Life
4.75,Reliance Power
103.75,Tata Motors
206.75,ITC
486.60,IndusInd Bank
184.05,SBI
"6,159.65",Bajaj Finserv
"2,188.75",TCS
197.30,Cholamandalam
330.70,Tata Steel
"1,874.80",HDFC
96.50,Bharat Elec
50.25,Tata Power
"2,172.00",HUL
1.94,Reliance Comm
361.10,ICICI Bank
108.90,Phillips Carbon
52.60,BTL
82.35,ONGC
171.50,RBL Bank
"5,911.00",Maruti Suzuki
183.45,M&M Financial
359.00,Adani Ports
"2,709.80",Hero Motocorp
37.40,BHEL
338.00,Bandhan Bank
350.95,Bharat Forge
367.30,Bharat Dynamics
517.80,IOL Chemicals
5.90,Suzlon Energy
"16,700.00",Nestle
525.25,M&M
10.04,CG Power 
271.25,Petronet LNG
239.85,Ujjivan Financi
"2,286.30",Avenue Supermar
153.90,Jindal Steel
364.60,Cadila Health
"2,902.00",Bajaj Auto
"1,692.00",Asian Paints
"1,290.00",Bata India
"1,024.60",PVR
"1,356.75",Kotak Mahindra
946.15,Larsen
"2,191.00",Divis Labs
106.10,Vedanta
145.60,Hindalco
"1,007.30",Interglobe Avi
384.15,Just Dial
755.40,Infosys
40.50,Reliance Infra
637.55,Cipla
"1,400.20",Piramal Enter
994.50,Titan Company
"3,916.30",Dr Reddys Labs
"1,128.00",Muthoot Finance
"18,737.70",Eicher Motors
433.00,Glenmark
669.50,SBI Cards
"2,535.00",HDFC AMC
87.50,IOC
127.75,Sterlite Techno
223.00,Wipro
31.05,SAIL
435.80,ICICI Prudentia
159.35,Adani Enterpris
3.30,Jaiprakash Asso
273.55,LIC Housing Fin
395.65,TATA Cons. Prod
836.00,Hindustan Aeron
841.00,SBI Life Insura
477.65,Sun Pharma
8.29,Dish TV
"1,042.90",Escorts
160.45,Manappuram Fin
3.41,Reliance Naval 
price,stock_name
55.60,Alok Industries
"1,788.15",Reliance
"1,353.45",Metropolis
"2,950.00",Bajaj Finance
426.30,Axis Bank
218.75,Indiabulls Hsg
574.45,Bharti Airtel
97.80,Motherson Sumi
136.85,Future Retail
"1,073.15",HDFC Bank
10.03,Vodafone Idea
574.75,HDFC Life
4.75,Reliance Power
103.75,Tata Motors
206.75,ITC
486.60,IndusInd Bank
184.05,SBI
"6,159.65",Bajaj Finserv
"2,188.75",TCS
197.30,Cholamandalam
330.70,Tata Steel
"1,874.80",HDFC
96.50,Bharat Elec
50.25,Tata Power
"2,172.00",HUL
1.94,Reliance Comm
361.10,ICICI Bank
108.90,Phillips Carbon
52.60,BTL
82.35,ONGC
171.50,RBL Bank
"5,911.00",Maruti Suzuki
183.45,M&M Financial
359.00,Adani Ports
"2,709.80",Hero Motocorp
37.40,BHEL
338.00,Bandhan Bank
350.95,Bharat Forge
367.30,Bharat Dynamics
517.80,IOL Chemicals
5.90,Suzlon Energy
"16,700.00",Nestle
525.25,M&M
10.04,CG Power 
271.25,Petronet LNG
239.85,Ujjivan Financi
"2,286.30",Avenue Supermar
153.90,Jindal Steel
364.60,Cadila Health
"2,902.00",Bajaj Auto
"1,692.00",Asian Paints
"1,290.00",Bata India
"1,024.60",PVR
"1,356.75",Kotak Mahindra
946.15,Larsen
"2,191.00",Divis Labs
106.10,Vedanta
145.60,Hindalco
"1,007.30",Interglobe Avi
384.15,Just Dial
755.40,Infosys
40.50,Reliance Infra
637.55,Cipla
"1,400.20",Piramal Enter
994.50,Titan Company
"3,916.30",Dr Reddys Labs
"1,128.00",Muthoot Finance
"18,737.70",Eicher Motors
433.00,Glenmark
669.50,SBI Cards
"2,535.00",HDFC AMC
87.50,IOC
127.75,Sterlite Techno
223.00,Wipro
31.05,SAIL
435.80,ICICI Prudentia
159.35,Adani Enterpris
3.30,Jaiprakash Asso
273.55,LIC Housing Fin
395.65,TATA Cons. Prod
836.00,Hindustan Aeron
841.00,SBI Life Insura
477.65,Sun Pharma
8.29,Dish TV
"1,042.90",Escorts
160.45,Manappuram Fin
3.41,Reliance Naval 
price,stock_name
55.60,Alok Industries
"1,787.40",Reliance
"1,353.45",Metropolis
"2,950.50",Bajaj Finance
426.85,Axis Bank
219.50,Indiabulls Hsg
574.60,Bharti Airtel
98.10,Motherson Sumi
138.40,Future Retail
"1,073.00",HDFC Bank
10.03,Vodafone Idea
575.25,HDFC Life
4.75,Reliance Power
104.10,Tata Motors
206.80,ITC
486.95,IndusInd Bank
184.25,SBI
"6,164.75",Bajaj Finserv
"2,190.00",TCS
198.15,Cholamandalam
330.90,Tata Steel
"1,875.50",HDFC
96.70,Bharat Elec
50.35,Tata Power
"2,171.75",HUL
361.50,ICICI Bank
1.94,Reliance Comm
109.70,Phillips Carbon
52.60,BTL
82.25,ONGC
171.80,RBL Bank
"5,919.35",Maruti Suzuki
183.30,M&M Financial
359.30,Adani Ports
"2,713.20",Hero Motocorp
37.50,BHEL
338.40,Bandhan Bank
351.40,Bharat Forge
366.85,Bharat Dynamics
520.20,IOL Chemicals
5.90,Suzlon Energy
"16,700.00",Nestle
527.05,M&M
10.04,CG Power 
270.85,Petronet LNG
240.00,Ujjivan Financi
"2,287.00",Avenue Supermar
153.95,Jindal Steel
"2,912.65",Bajaj Auto
364.65,Cadila Health
"1,693.90",Asian Paints
"1,290.80",Bata India
"1,024.40",PVR
"1,358.10",Kotak Mahindra
947.05,Larsen
"2,190.35",Divis Labs
106.15,Vedanta
145.90,Hindalco
"1,008.10",Interglobe Avi
384.55,Just Dial
756.00,Infosys
40.50,Reliance Infra
637.25,Cipla
996.60,Titan Company
"1,402.00",Piramal Enter
"3,916.30",Dr Reddys Labs
"1,129.65",Muthoot Finance
"18,770.30",Eicher Motors
433.20,Glenmark
670.25,SBI Cards
"2,536.95",HDFC AMC
434.50,ICICI Prudentia
87.60,IOC
127.75,Sterlite Techno
223.00,Wipro
159.95,Adani Enterpris
31.05,SAIL
3.30,Jaiprakash Asso
273.90,LIC Housing Fin
396.15,TATA Cons. Prod
837.00,Hindustan Aeron
841.30,SBI Life Insura
477.00,Sun Pharma
"1,044.00",Escorts
160.60,Manappuram Fin
8.27,Dish TV
3.41,Reliance Naval 
price,stock_name
55.60,Alok Industries
"1,787.40",Reliance
"1,353.45",Metropolis
"2,950.50",Bajaj Finance
426.85,Axis Bank
219.50,Indiabulls Hsg
574.60,Bharti Airtel
98.10,Motherson Sumi
138.40,Future Retail
"1,073.00",HDFC Bank
10.03,Vodafone Idea
575.25,HDFC Life
4.75,Reliance Power
104.10,Tata Motors
206.80,ITC
486.95,IndusInd Bank
184.25,SBI
"6,164.75",Bajaj Finserv
"2,190.00",TCS
198.15,Cholamandalam
330.90,Tata Steel
"1,875.50",HDFC
96.70,Bharat Elec
50.35,Tata Power
"2,171.75",HUL
361.50,ICICI Bank
1.94,Reliance Comm
109.70,Phillips Carbon
52.60,BTL
82.25,ONGC
171.80,RBL Bank
"5,919.35",Maruti Suzuki
183.30,M&M Financial
359.30,Adani Ports
"2,713.20",Hero Motocorp
37.50,BHEL
338.40,Bandhan Bank
351.40,Bharat Forge
366.85,Bharat Dynamics
520.20,IOL Chemicals
5.90,Suzlon Energy
"16,700.00",Nestle
527.05,M&M
10.04,CG Power 
270.85,Petronet LNG
240.00,Ujjivan Financi
"2,287.00",Avenue Supermar
153.95,Jindal Steel
"2,912.65",Bajaj Auto
364.65,Cadila Health
"1,693.90",Asian Paints
"1,290.80",Bata India
"1,024.40",PVR
"1,358.10",Kotak Mahindra
947.05,Larsen
"2,190.35",Divis Labs
106.15,Vedanta
145.90,Hindalco
"1,008.10",Interglobe Avi
384.55,Just Dial
756.00,Infosys
40.50,Reliance Infra
637.25,Cipla
996.60,Titan Company
"1,402.00",Piramal Enter
"3,916.30",Dr Reddys Labs
"1,129.65",Muthoot Finance
"18,770.30",Eicher Motors
433.20,Glenmark
670.25,SBI Cards
"2,536.95",HDFC AMC
434.50,ICICI Prudentia
87.60,IOC
127.75,Sterlite Techno
223.00,Wipro
159.95,Adani Enterpris
31.05,SAIL
3.30,Jaiprakash Asso
273.90,LIC Housing Fin
396.15,TATA Cons. Prod
837.00,Hindustan Aeron
841.30,SBI Life Insura
477.00,Sun Pharma
"1,044.00",Escorts
160.60,Manappuram Fin
8.27,Dish TV
3.41,Reliance Naval 
price,stock_name
55.60,Alok Industries
"1,787.40",Reliance
"1,353.45",Metropolis
"2,950.50",Bajaj Finance
426.85,Axis Bank
219.50,Indiabulls Hsg
574.60,Bharti Airtel
98.10,Motherson Sumi
138.40,Future Retail
"1,073.00",HDFC Bank
10.03,Vodafone Idea
575.25,HDFC Life
4.75,Reliance Power
104.10,Tata Motors
206.80,ITC
486.95,IndusInd Bank
184.25,SBI
"6,164.75",Bajaj Finserv
"2,190.00",TCS
198.15,Cholamandalam
330.90,Tata Steel
"1,875.50",HDFC
96.70,Bharat Elec
50.35,Tata Power
"2,171.75",HUL
361.50,ICICI Bank
1.94,Reliance Comm
109.70,Phillips Carbon
52.60,BTL
82.25,ONGC
171.80,RBL Bank
"5,919.35",Maruti Suzuki
183.30,M&M Financial
359.30,Adani Ports
"2,713.20",Hero Motocorp
37.50,BHEL
338.40,Bandhan Bank
351.40,Bharat Forge
366.85,Bharat Dynamics
520.20,IOL Chemicals
5.90,Suzlon Energy
"16,700.00",Nestle
527.05,M&M
10.04,CG Power 
270.85,Petronet LNG
240.00,Ujjivan Financi
"2,287.00",Avenue Supermar
153.95,Jindal Steel
"2,912.65",Bajaj Auto
364.65,Cadila Health
"1,693.90",Asian Paints
"1,290.80",Bata India
"1,024.40",PVR
"1,358.10",Kotak Mahindra
947.05,Larsen
"2,190.35",Divis Labs
106.15,Vedanta
145.90,Hindalco
"1,008.10",Interglobe Avi
384.55,Just Dial
756.00,Infosys
40.50,Reliance Infra
637.25,Cipla
996.60,Titan Company
"1,402.00",Piramal Enter
"3,916.30",Dr Reddys Labs
"1,129.65",Muthoot Finance
"18,770.30",Eicher Motors
433.20,Glenmark
670.25,SBI Cards
"2,536.95",HDFC AMC
434.50,ICICI Prudentia
87.60,IOC
127.75,Sterlite Techno
223.00,Wipro
159.95,Adani Enterpris
31.05,SAIL
3.30,Jaiprakash Asso
273.90,LIC Housing Fin
396.15,TATA Cons. Prod
837.00,Hindustan Aeron
841.30,SBI Life Insura
477.00,Sun Pharma
"1,044.00",Escorts
160.60,Manappuram Fin
8.27,Dish TV
3.41,Reliance Naval 
price,stock_name
55.60,Alok Industries
"1,787.25",Reliance
"1,353.45",Metropolis
"2,950.00",Bajaj Finance
426.90,Axis Bank
220.00,Indiabulls Hsg
574.75,Bharti Airtel
98.00,Motherson Sumi
137.95,Future Retail
"1,072.20",HDFC Bank
10.03,Vodafone Idea
575.95,HDFC Life
4.75,Reliance Power
103.95,Tata Motors
206.80,ITC
487.25,IndusInd Bank
184.15,SBI
"6,170.15",Bajaj Finserv
"2,188.90",TCS
197.75,Cholamandalam
331.00,Tata Steel
"1,875.50",HDFC
97.00,Bharat Elec
50.35,Tata Power
"2,172.10",HUL
361.60,ICICI Bank
1.94,Reliance Comm
109.25,Phillips Carbon
52.60,BTL
82.30,ONGC
171.70,RBL Bank
"5,914.50",Maruti Suzuki
183.05,M&M Financial
360.00,Adani Ports
"2,713.50",Hero Motocorp
37.50,BHEL
337.45,Bandhan Bank
351.40,Bharat Forge
366.65,Bharat Dynamics
519.25,IOL Chemicals
5.90,Suzlon Energy
"16,700.00",Nestle
527.25,M&M
10.04,CG Power 
270.70,Petronet LNG
239.90,Ujjivan Financi
"2,287.20",Avenue Supermar
154.15,Jindal Steel
"2,913.85",Bajaj Auto
364.85,Cadila Health
"1,292.60",Bata India
"1,693.65",Asian Paints
"1,024.60",PVR
"1,356.95",Kotak Mahindra
947.45,Larsen
"2,192.25",Divis Labs
106.00,Vedanta
"1,010.55",Interglobe Avi
145.90,Hindalco
756.00,Infosys
384.45,Just Dial
40.50,Reliance Infra
637.70,Cipla
"1,405.40",Piramal Enter
996.60,Titan Company
"3,916.30",Dr Reddys Labs
"1,129.65",Muthoot Finance
"18,780.75",Eicher Motors
433.35,Glenmark
670.00,SBI Cards
"2,542.50",HDFC AMC
434.60,ICICI Prudentia
396.00,TATA Cons. Prod
127.90,Sterlite Techno
87.75,IOC
223.15,Wipro
160.20,Adani Enterpris
31.00,SAIL
3.30,Jaiprakash Asso
273.70,LIC Housing Fin
837.40,Hindustan Aeron
477.35,Sun Pharma
841.30,SBI Life Insura
"1,045.00",Escorts
8.29,Dish TV
160.75,Manappuram Fin
3.41,Reliance Naval 
price,stock_name
55.60,Alok Industries
"1,787.25",Reliance
"1,353.45",Metropolis
"2,950.00",Bajaj Finance
426.90,Axis Bank
220.00,Indiabulls Hsg
574.75,Bharti Airtel
98.00,Motherson Sumi
137.95,Future Retail
"1,072.20",HDFC Bank
10.03,Vodafone Idea
575.95,HDFC Life
4.75,Reliance Power
103.95,Tata Motors
206.80,ITC
487.25,IndusInd Bank
184.15,SBI
"6,170.15",Bajaj Finserv
"2,188.90",TCS
197.75,Cholamandalam
331.00,Tata Steel
"1,875.50",HDFC
97.00,Bharat Elec
50.35,Tata Power
"2,172.10",HUL
361.60,ICICI Bank
1.94,Reliance Comm
109.25,Phillips Carbon
52.60,BTL
82.30,ONGC
171.70,RBL Bank
"5,914.50",Maruti Suzuki
183.05,M&M Financial
360.00,Adani Ports
"2,713.50",Hero Motocorp
37.50,BHEL
337.45,Bandhan Bank
351.40,Bharat Forge
366.65,Bharat Dynamics
519.25,IOL Chemicals
5.90,Suzlon Energy
"16,700.00",Nestle
527.25,M&M
10.04,CG Power 
270.70,Petronet LNG
239.90,Ujjivan Financi
"2,287.20",Avenue Supermar
154.15,Jindal Steel
"2,913.85",Bajaj Auto
364.85,Cadila Health
"1,292.60",Bata India
"1,693.65",Asian Paints
"1,024.60",PVR
"1,356.95",Kotak Mahindra
947.45,Larsen
"2,192.25",Divis Labs
106.00,Vedanta
"1,010.55",Interglobe Avi
145.90,Hindalco
756.00,Infosys
384.45,Just Dial
40.50,Reliance Infra
637.70,Cipla
"1,405.40",Piramal Enter
996.60,Titan Company
"3,916.30",Dr Reddys Labs
"1,129.65",Muthoot Finance
"18,780.75",Eicher Motors
433.35,Glenmark
670.00,SBI Cards
"2,542.50",HDFC AMC
434.60,ICICI Prudentia
396.00,TATA Cons. Prod
127.90,Sterlite Techno
87.75,IOC
223.15,Wipro
160.20,Adani Enterpris
31.00,SAIL
3.30,Jaiprakash Asso
273.70,LIC Housing Fin
837.40,Hindustan Aeron
477.35,Sun Pharma
841.30,SBI Life Insura
"1,045.00",Escorts
8.29,Dish TV
160.75,Manappuram Fin
3.41,Reliance Naval 
price,stock_name
55.60,Alok Industries
"1,787.25",Reliance
"1,353.45",Metropolis
"2,950.00",Bajaj Finance
426.90,Axis Bank
220.00,Indiabulls Hsg
574.75,Bharti Airtel
98.00,Motherson Sumi
137.95,Future Retail
"1,072.20",HDFC Bank
10.03,Vodafone Idea
575.95,HDFC Life
4.75,Reliance Power
103.95,Tata Motors
206.80,ITC
487.25,IndusInd Bank
184.15,SBI
"6,170.15",Bajaj Finserv
"2,188.90",TCS
197.75,Cholamandalam
331.00,Tata Steel
"1,875.50",HDFC
97.00,Bharat Elec
50.35,Tata Power
"2,172.10",HUL
361.60,ICICI Bank
1.94,Reliance Comm
109.25,Phillips Carbon
52.60,BTL
82.30,ONGC
171.70,RBL Bank
"5,914.50",Maruti Suzuki
183.05,M&M Financial
360.00,Adani Ports
"2,713.50",Hero Motocorp
37.50,BHEL
337.45,Bandhan Bank
351.40,Bharat Forge
366.65,Bharat Dynamics
519.25,IOL Chemicals
5.90,Suzlon Energy
"16,700.00",Nestle
527.25,M&M
10.04,CG Power 
270.70,Petronet LNG
239.90,Ujjivan Financi
"2,287.20",Avenue Supermar
154.15,Jindal Steel
"2,913.85",Bajaj Auto
364.85,Cadila Health
"1,292.60",Bata India
"1,693.65",Asian Paints
"1,024.60",PVR
"1,356.95",Kotak Mahindra
947.45,Larsen
"2,192.25",Divis Labs
106.00,Vedanta
"1,010.55",Interglobe Avi
145.90,Hindalco
756.00,Infosys
384.45,Just Dial
40.50,Reliance Infra
637.70,Cipla
"1,405.40",Piramal Enter
996.60,Titan Company
"3,916.30",Dr Reddys Labs
"1,129.65",Muthoot Finance
"18,780.75",Eicher Motors
433.35,Glenmark
670.00,SBI Cards
"2,542.50",HDFC AMC
434.60,ICICI Prudentia
396.00,TATA Cons. Prod
127.90,Sterlite Techno
87.75,IOC
223.15,Wipro
160.20,Adani Enterpris
31.00,SAIL
3.30,Jaiprakash Asso
273.70,LIC Housing Fin
837.40,Hindustan Aeron
477.35,Sun Pharma
841.30,SBI Life Insura
"1,045.00",Escorts
8.29,Dish TV
160.75,Manappuram Fin
3.41,Reliance Naval 
price,stock_name
55.60,Alok Industries
"1,786.70",Reliance
"1,357.70",Metropolis
"2,950.85",Bajaj Finance
426.95,Axis Bank
219.80,Indiabulls Hsg
575.35,Bharti Airtel
98.05,Motherson Sumi
137.45,Future Retail
"1,072.60",HDFC Bank
10.03,Vodafone Idea
575.90,HDFC Life
4.75,Reliance Power
104.20,Tata Motors
488.20,IndusInd Bank
206.90,ITC
184.40,SBI
"6,176.00",Bajaj Finserv
"2,188.80",TCS
198.25,Cholamandalam
331.25,Tata Steel
97.05,Bharat Elec
"1,877.50",HDFC
"2,714.00",Hero Motocorp
50.40,Tata Power
362.10,ICICI Bank
"2,172.10",HUL
1.94,Reliance Comm
109.55,Phillips Carbon
52.60,BTL
82.40,ONGC
172.15,RBL Bank
"5,914.95",Maruti Suzuki
183.65,M&M Financial
360.20,Adani Ports
37.55,BHEL
338.00,Bandhan Bank
352.15,Bharat Forge
366.90,Bharat Dynamics
5.90,Suzlon Energy
519.70,IOL Chemicals
528.10,M&M
"16,700.10",Nestle
10.04,CG Power 
270.90,Petronet LNG
240.70,Ujjivan Financi
"2,912.35",Bajaj Auto
154.35,Jindal Steel
"2,286.75",Avenue Supermar
364.65,Cadila Health
"1,694.55",Asian Paints
"1,291.95",Bata India
"1,026.30",PVR
"1,358.85",Kotak Mahindra
948.05,Larsen
"2,192.25",Divis Labs
"1,011.00",Interglobe Avi
106.00,Vedanta
145.90,Hindalco
756.20,Infosys
385.00,Just Dial
40.50,Reliance Infra
637.80,Cipla
"1,407.00",Piramal Enter
997.95,Titan Company
"3,917.10",Dr Reddys Labs
"1,130.20",Muthoot Finance
395.95,TATA Cons. Prod
"18,760.95",Eicher Motors
671.00,SBI Cards
433.20,Glenmark
"2,541.80",HDFC AMC
128.10,Sterlite Techno
434.15,ICICI Prudentia
87.75,IOC
160.65,Adani Enterpris
31.05,SAIL
223.05,Wipro
3.30,Jaiprakash Asso
274.15,LIC Housing Fin
835.10,Hindustan Aeron
841.80,SBI Life Insura
477.30,Sun Pharma
"1,046.85",Escorts
8.29,Dish TV
160.70,Manappuram Fin
3.41,Reliance Naval 
price,stock_name
55.60,Alok Industries
"1,787.50",Reliance
"2,931.85",Bajaj Finance
230.95,Indiabulls Hsg
"1,357.70",Metropolis
581.10,Bharti Airtel
428.50,Axis Bank
"1,074.20",HDFC Bank
207.35,ITC
10.03,Vodafone Idea
98.10,Motherson Sumi
103.45,Tata Motors
487.25,IndusInd Bank
572.15,HDFC Life
136.55,Future Retail
184.75,SBI
4.75,Reliance Power
329.95,Tata Steel
97.25,Bharat Elec
"6,150.15",Bajaj Finserv
361.00,ICICI Bank
"2,199.00",TCS
346.30,Bandhan Bank
196.70,Cholamandalam
"2,740.15",Hero Motocorp
173.50,RBL Bank
38.65,BHEL
"1,885.85",HDFC
49.95,Tata Power
"2,172.30",HUL
"5,933.15",Maruti Suzuki
375.80,Bharat Dynamics
108.45,Phillips Carbon
358.85,Bharat Forge
182.60,M&M Financial
82.40,ONGC
1.94,Reliance Comm
52.60,BTL
522.60,IOL Chemicals
360.40,Adani Ports
530.30,M&M
5.90,Suzlon Energy
"1,299.60",Bata India
272.90,Petronet LNG
"16,690.30",Nestle
944.50,Larsen
"1,696.10",Asian Paints
"1,032.50",PVR
366.25,Cadila Health
"2,941.00",Bajaj Auto
153.75,Jindal Steel
10.04,CG Power 
240.45,Ujjivan Financi
"1,353.50",Kotak Mahindra
762.60,Infosys
476.90,Sun Pharma
135.15,Coal India
"1,011.30",Interglobe Avi
"2,190.05",Divis Labs
"1,145.50",Muthoot Finance
"2,288.70",Avenue Supermar
67.70,L&T Finance
106.45,Vedanta
"1,003.00",Titan Company
"18,982.30",Eicher Motors
674.80,SBI Cards
"1,058.00",Escorts
"1,148.50",Siemens
"2,544.75",HDFC AMC
638.85,Cipla
851.65,Hindustan Aeron
432.60,Glenmark
146.35,Hindalco
383.00,Just Dial
661.05,BEML
"1,411.45",Piramal Enter
274.45,LIC Housing Fin
30.90,SAIL
"3,920.95",Dr Reddys Labs
396.35,TATA Cons. Prod
579.00,HCL Tech
40.50,Reliance Infra
87.85,IOC
433.40,ICICI Prudentia
844.05,SBI Life Insura
161.00,Manappuram Fin
224.70,Wipro
128.05,Sterlite Techno
104.85,GAIL
717.55,Godrej Consumer
159.40,Adani Enterpris
172.30,Zee Entertain
567.00,Tech Mahindra
395.30,TVS Motor
917.60,Ceat
8.60,Dish TV
94.35,NTPC
3.30,Jaiprakash Asso
177.00,Power Grid Corp
49.15,Ashok Leyland
"1,313.30",Balkrishna Ind
"1,404.85",IRCTC
655.90,Relaxo Footwear
"3,903.00",UltraTechCement
385.00,BPCL
899.35,Lupin
111.95,ITI
695.85,Shriram Trans
26.15,Yes Bank
444.20,UPL
558.95,Voltas
3.41,Reliance Naval 
"1,070.10",Mahanagar Gas
95.10,Jai Corp
"1,375.10",Apollo Hospital
628.35,Grasim
price,stock_name
55.60,Alok Industries
"1,787.50",Reliance
"2,931.85",Bajaj Finance
230.95,Indiabulls Hsg
"1,357.70",Metropolis
581.10,Bharti Airtel
428.50,Axis Bank
"1,074.20",HDFC Bank
207.35,ITC
10.03,Vodafone Idea
98.10,Motherson Sumi
103.45,Tata Motors
487.25,IndusInd Bank
572.15,HDFC Life
136.55,Future Retail
184.75,SBI
4.75,Reliance Power
329.95,Tata Steel
97.25,Bharat Elec
"6,150.15",Bajaj Finserv
361.00,ICICI Bank
"2,199.00",TCS
346.30,Bandhan Bank
196.70,Cholamandalam
"2,740.15",Hero Motocorp
173.50,RBL Bank
38.65,BHEL
"1,885.85",HDFC
49.95,Tata Power
"2,172.30",HUL
"5,933.15",Maruti Suzuki
375.80,Bharat Dynamics
108.45,Phillips Carbon
358.85,Bharat Forge
182.60,M&M Financial
82.40,ONGC
1.94,Reliance Comm
52.60,BTL
522.60,IOL Chemicals
360.40,Adani Ports
530.30,M&M
5.90,Suzlon Energy
"1,299.60",Bata India
272.90,Petronet LNG
"16,690.30",Nestle
944.50,Larsen
"1,696.10",Asian Paints
"1,032.50",PVR
366.25,Cadila Health
"2,941.00",Bajaj Auto
153.75,Jindal Steel
10.04,CG Power 
240.45,Ujjivan Financi
"1,353.50",Kotak Mahindra
762.60,Infosys
476.90,Sun Pharma
135.15,Coal India
"1,011.30",Interglobe Avi
"2,190.05",Divis Labs
"1,145.50",Muthoot Finance
"2,288.70",Avenue Supermar
67.70,L&T Finance
106.45,Vedanta
"1,003.00",Titan Company
"18,982.30",Eicher Motors
674.80,SBI Cards
"1,058.00",Escorts
"1,148.50",Siemens
"2,544.75",HDFC AMC
638.85,Cipla
851.65,Hindustan Aeron
432.60,Glenmark
146.35,Hindalco
383.00,Just Dial
661.05,BEML
"1,411.45",Piramal Enter
274.45,LIC Housing Fin
30.90,SAIL
"3,920.95",Dr Reddys Labs
396.35,TATA Cons. Prod
579.00,HCL Tech
40.50,Reliance Infra
87.85,IOC
433.40,ICICI Prudentia
844.05,SBI Life Insura
161.00,Manappuram Fin
224.70,Wipro
128.05,Sterlite Techno
104.85,GAIL
717.55,Godrej Consumer
159.40,Adani Enterpris
172.30,Zee Entertain
567.00,Tech Mahindra
395.30,TVS Motor
917.60,Ceat
8.60,Dish TV
94.35,NTPC
3.30,Jaiprakash Asso
177.00,Power Grid Corp
49.15,Ashok Leyland
"1,313.30",Balkrishna Ind
"1,404.85",IRCTC
655.90,Relaxo Footwear
"3,903.00",UltraTechCement
385.00,BPCL
899.35,Lupin
111.95,ITI
695.85,Shriram Trans
26.15,Yes Bank
444.20,UPL
558.95,Voltas
3.41,Reliance Naval 
"1,070.10",Mahanagar Gas
95.10,Jai Corp
"1,375.10",Apollo Hospital
628.35,Grasim
